achiral_2,achiral_3,achiral_4,achiral_5,achiral_6,achiral_7,achiral_8,achiral_9,achiral_10,chiral_2,chiral_3,chiral_4,chiral_5,chiral_6,chiral_7,chiral_8,chiral_9,chiral_10,mix_2,mix_3,mix_4,mix_5,mix_6,mix_7,mix_8,mix_9,mix_10
1,1,0,4879,4,233,9,228,4879,2,1,4,1,9,5,5,5,4896,2,14,0,1,2,10,0,4928,256
0,4,260,9,228,0,2,3,4,1,3,4879,2,4,3,4,3,6,0,0,4,2,5,4917,8,4907,5023
4894,0,2,2,3,4,2,231,5,0,41,2,2,5,8,17,10,5,0,4,243,241,2,1,4,4883,232
0,4,1,3,2,4,4884,3,44,0,5,37,3,3,3,4879,245,7,1,3,1,7,2,3,7,14,6
0,227,1,0,1,1,2,8,6,2,4879,5,4,5,4881,709,4893,6,4879,5,235,13,2,4879,4,83,4
1,40,0,227,245,9,257,42,10,5,8,1,5,6,232,4879,10,9,0,4,1,4909,2,450,4896,2,4882
245,1,0,6,3,251,1,234,720,5,25,1,3,13,289,9,40,9,0,5,2,3,4,4879,1,4,20
0,0,2,0,7,1,14,21,5,232,1,6,5,3,4881,7,4888,10,0,230,226,17,3,4912,4879,4884,236
4879,1,2,2,1,12,232,11,12,1,2,9,16,7,2,4962,7,5,1,1,2,13,6,14,4881,4881,4879
1,0,1,2,13,4,260,3,1,5,3,3,3,0,451,3,291,4929,1,0,1,2,2,3,3,6,5
1,1,1,1,2,247,4893,5,21,1,0,11,0,5,4973,1,7,236,0,5,44,4,10,5,248,12,7
0,1,1,1,14,2,5008,5006,6,1,0,2,1,4887,7,231,8,4,1,0,4,5,2,12,1,13,4
0,226,6,2,4879,2,255,2,3,1,2,2,8,7,4884,5,451,4962,3,3,12,4879,4888,4,6,3,4964
2,1,4879,4,2,4881,5,4913,40,0,2,4,12,4,15,3,4890,9,0,2,1,2,2,227,4972,4890,4881
0,1,0,4883,4,5,23,3,4881,1,3,1,3,4879,34,4890,7,4896,449,1,1,1,5,5,4974,7,3
1,5,4,2,5,12,4881,299,5,0,4,0,3,10,4975,5,6,9,1,1,2,4879,2,2,291,7,4
4,0,5,4,2,3,239,3,2,0,3,3,0,36,7,17,2,4979,1,1,4,4884,15,292,2,231,233
0,1,3,1,5,1,3,11,228,0,0,0,6,3,18,1,4910,6,1,6,2,3,4,1,7,4,3
0,2,1,44,4879,0,2,6,4879,1,0,28,463,7,6,43,21,6,1,8,1,1,2,5046,1,3,2
5,0,226,2,5,4,706,4,2,244,1,1,1,7,244,10,8,4879,0,2,0,4,18,4894,2,9,8
4879,2,0,3,261,4884,0,4881,238,1,6,4879,1,10,313,11,4887,15,1,1,3,2,5,6,6,4881,4890
0,1,5,1,227,4892,5,4883,4879,7,1,3,7,456,8,4,4,4899,1,4,4888,4,14,4879,21,64,294
3,10,2,4879,5019,0,6,2,5,1,1,2,1,22,451,5,8,4879,0,1,1,12,11,3,9,3,7
1,2,9,2,5,8,7,5,7,0,5,1,4901,4,2,35,2,2,0,6,3,2,4896,3,4,261,6
5,0,4,10,2,3,4,2,17,2,5,1,0,12,4908,37,1,4886,2,1,1,4879,5,1,5,247,38
1,2,0,12,3,4,495,63,4886,0,6,2,7,0,5,3,229,10,0,0,4,4,7,6,37,2,4910
1,2,5,4,2,4891,5009,4,4879,1,5,1,34,6,9,4883,452,17,2,1,4,5,4879,292,1,1,8
0,3,1,4,4,10,2,2,314,1,246,522,1,2,2,2,451,4879,1,1,4883,1,3,3,3,3,13
0,2,1,2,2,2,3,14,3,4,1,5,3,4879,5,2,3,4896,0,0,2,6,4,2,2,3,6
1,1,245,4881,1,1,4879,4883,241,1,0,4,4962,2,14,17,11,4885,0,2,4879,1,4,253,4879,6,8
1,1,7,1,2,4901,228,5006,27,226,1,1,4964,4879,8,455,4882,5,1,2,1,10,2,4879,12,7,3
1,1,0,39,19,2,236,6,8,0,0,13,2,2,4,5,4985,551,448,14,4879,2,11,6,3,4884,18
0,1,1,4888,2,7,17,2,10,0,1,1,17,9,7,11,8,2,1,2,0,10,4887,4,4927,5,5009
0,0,9,0,3,4885,232,3,4885,0,2,4881,1,226,236,4,3,4881,2,4,2,0,4891,4879,12,5,4
1,1,0,2,7,4879,4,261,15,2,4885,1,32,1,5,8,294,302,2,0,2,250,2,6,4879,10,3
0,2,3,4879,5,1,4879,2,2,1,4879,1,4911,2,6,13,4881,5008,2,4,2,4879,1,230,2,3,6
0,0,0,0,1,2,8,15,44,1,1,3,0,11,3,2,2,36,1,0,2,246,0,1,4883,14,3
3,1,40,1,4879,1,6,4901,66,1,1,6,5,15,2,5,4920,4950,4879,67,3,9,4880,5,4879,5,5
1,1,4,10,6,4879,10,4,59,0,1,0,0,4972,4910,454,16,5,0,12,3,1,9,3,16,4,17
4,0,2,6,3,2,4,10,227,1,2,2,2,5,3,454,8,13,1,1,6,9,1,4956,4886,5,16
0,2,2,17,4,2,7,5,4883,0,1,3,6,3,4,5,13,15,1,2,2,1,3,4,231,4879,9
10,1,1,4881,5,5,4879,2,14,1,3,232,4879,3,10,9,6,4924,1,1,0,2,1,9,2,5,239
2,4879,2,4879,3,2,4972,8,4881,0,2,2,3,290,11,4883,4932,2,1,4879,3,4,2,7,7,5,4
6,3,1,4881,1,4,8,2,8,1,3,1,4,7,4901,230,27,292,0,4879,1,2,2,4,4,4899,4880
0,2,4879,1,1,14,3,15,2,0,2,3,16,4879,3,6,3,6,3,3,3,4,3,3,234,8,6
1,2,0,3,6,229,4,6,11,0,1,4879,1,4,4,4,4,5,3,2,3,1,1,13,4895,238,4926
4879,227,4,1,6,4881,235,6,4885,4879,0,4,2,5,4,4888,4883,70,1,12,3,3,4882,4,6,2,299
0,20,3,3,2,226,4,8,6,2,3,4,0,1,4888,4995,8,5,1,1,11,2,9,5,6,4,13
0,3,10,4,236,5,5,4882,60,2,0,7,293,4879,248,4,4,2,1,2,1,1,4,232,3,15,248
1,0,4,2,231,5,4881,4,11,0,4879,1,4886,5,1,11,12,4,0,3,4892,0,228,11,15,4890,13
1,0,2,3,5,1,3,234,11,1,269,1,3,4,1,2,251,4973,2,9,3,4,8,6,7,501,30
0,0,1,1,3,2,1,243,251,0,0,243,450,4,15,5,2,4946,2,4879,1,16,3,4,2,18,4
3,1,4,6,4,7,4,3,9,4879,0,2,3,4,3,2,8,15,0,2,1,3,2,4881,3,1,41
0,4,1,4880,0,59,4881,4,39,0,2,3,9,4879,2,4992,16,5,0,34,2,3,4879,6,4883,4,7
226,2,0,4879,2,2,7,10,42,0,3,27,6,2,1,457,17,13,1,0,2,232,5,461,4886,5,4881
2,229,0,4879,9,1,2,4882,6,2,0,5,2,3,2,8,6,14,3,0,1,4,2,41,8,4,5
0,1,2,2,5,2,2,3,4,0,234,44,1,4903,7,4,254,4889,2,4,6,1,0,6,7,8,3
0,1,4,1,232,14,39,2,450,1,2,6,2,4881,291,4,4,14,0,2,5,1,5,3,3,4881,6
5,4884,1,2,3,4879,2,4880,8,4,3,1,1,256,3,4888,7,452,0,4,3,3,5,47,8,2,22
0,3,3,4,3,2,10,9,2,15,2,0,2,9,5,2,3,2,3,59,2,4,3,4881,247,6,5
0,3,1,248,1,4879,256,3,5,226,4,2,3,4,8,2,4887,14,2,0,2,6,9,4888,1,7,17
0,3,2,8,0,3,4887,4,4888,1,1,3,17,2,3,6,17,9,0,1,1,5,6,23,2,5,7
1,1,4,1,6,13,4,17,6,1,5,3,247,6,3,4882,39,6,14,2,1,4,228,7,460,454,231
0,0,5006,3,4879,6,5017,4889,6,1,3,2,3,9,2,9,3,4881,1,4879,226,2,5,3,4890,4,9
1,0,2,7,2,5,6,4879,3,1,2,2,1,5,2,4900,8,6,1,0,1,2,3,5,3,8,4
0,0,40,448,250,55,3,231,7,2,6,4,5,239,6,4,6,3,3,1,2,18,311,3,4888,235,1
8,1,2,3,4,0,4881,3,2,14,5,1,1,4879,5,7,3,453,5,0,10,2,2,5,4,6,4905
1,0,0,4879,1,1,5,3,247,2,1,2,1,4,1,4905,7,4884,0,14,7,2,5,2,4899,6,4879
1,2,1,1,2,4,15,1,7,0,4879,234,27,1,3,4881,4,4972,0,5,6,1,1,4,10,4,4881
0,710,4880,229,3,11,4,2,2,1,2,1,1,16,8,7,4880,4964,1,0,11,3,712,2,4,3,253
3,2,1,4,4887,2,3,14,35,3,227,2,3,4994,294,5,4,20,1,2,26,0,12,10,7,226,7
1,1,2,4,5,18,14,5,11,1,1,0,5,0,1,336,3,4881,1,1,3,2,9,4,290,8,17
0,4,2,2,2,10,3,5,4882,4,0,3,2,8,4,450,68,2,449,0,5,1,4,10,3,5,40
2,1,3,8,6,4892,21,3,6,2,1,1,5,4,5,234,9,9,1,1,3,17,2,3,2,17,12
228,6,3,2,1,14,4,5016,1,449,2,1,8,4879,4997,267,4,2,0,8,4879,11,0,5,3,8,6
1,1,230,10,12,252,1,233,4891,1,3,1,4879,41,4973,18,20,10,1,4962,2,36,453,0,4885,4,12
1,12,7,2,4906,4,3,4882,8,4879,4,5,6,3,4972,11,2,7,3,3,40,4,4894,4,6,4,4912
1,1,1,3,230,236,2,56,8,0,2,3,10,2,6,452,227,7,0,2,2,1,2,5,4972,12,8
3,3,4,2,4879,6,2,11,6,230,2,1,3,10,4,4,13,242,1,2,2,4,242,45,5,4,4882
4879,1,1,248,1,7,247,249,230,4879,448,4879,4,449,3,4880,5,7,1,14,2,26,25,12,6,36,9
1,0,3,233,1,4879,236,4882,4881,4,9,3,309,6,7,4879,4,5025,4883,4,3,1,11,4,8,4881,69
232,1,2,4,1,12,3,4,5,0,2,1,10,4879,3,18,4881,6,38,2,1,3,5,4879,454,7,244
2,0,2,55,6,4,3,7,2,0,6,1,1,2,5,4,7,24,0,1,1,4879,231,4,5,25,12
3,1,3,1,1,4,1,258,4879,1,3,2,8,6,5,6,2,7,7,0,4881,4,2,1,63,7,8
7,2,1,4883,11,3,5,17,7,1,2,4,4884,2,3,3,5,6,3,4879,1,1,3,2,5,9,7
1,2,3,2,1,60,2,49,6,1,2,1,1,4,3,1,454,16,4880,2,4,229,4879,6,5006,3,4893
1,2,38,1,227,2,2,10,11,0,1,289,4952,6,236,299,4,9,1,2,4879,3,250,17,5,6,4
0,1,2,1,22,0,4882,8,3,0,4,0,3,4,2,10,4879,4890,3,1,6,4879,12,28,5,4969,5023
0,1,5,4881,39,9,2,6,3,0,0,2,9,231,18,8,14,32,0,1,3,4881,245,2,5,244,24
1,236,0,1,2,7,3,4881,2,288,2,2,5,8,4,13,29,4,0,5,4,7,4881,8,292,7,4912
4879,0,4881,5,4880,7,4,1,2,39,1,1,11,2,3,4879,3,4976,0,0,2,226,1,55,239,10,7
1,1,0,227,2,7,5,2,9,3,291,15,3,8,9,11,248,4,2,2,1,4,4883,5,12,5,15
1,2,226,1,1,4879,19,2,4,1,2,5,4880,3,7,3,4964,1,0,2,5,0,40,4879,6,4884,242
0,1,1,3,1,3,7,232,9,1,7,33,0,3,233,5,2,9,449,1,3,2,4883,3,7,4884,17
1,15,1,1,16,4,4888,2,3,241,3,1,1,4,4888,2,10,259,228,0,7,3,3,4888,5,4881,33
1,229,2,7,233,4881,10,1,8,3,0,1,7,2,1,313,232,45,1,0,2,4,5,2,4883,4879,4913
7,14,2,2,4,5,4,7,4884,5,0,3,12,6,5,3,11,2,0,2,1,3,3,25,3,3,4890
4,1,5,3,4,232,2,11,4879,1,1,455,6,32,3,6,4,3,0,1,2,2,2,236,30,4882,9
0,2,6,3,2,2,3,246,4,4879,4,1,4882,6,4889,4879,293,5,2,2,257,18,1,4,7,27,1
1,4,5,2,5,3,5,5011,2,1,1,0,47,7,6,12,2,16,0,4,3,3,4,6,28,4892,33
0,1,1,12,228,708,4,3,3,3,2,3,58,4929,4,4,4879,6,0,3,0,1,1,246,4881,3,4882
0,2,1,5,3,1,0,4883,4879,39,2,231,2,4880,4896,18,7,251,0,2,239,0,2,4,2,0,4879
0,6,1,454,2,2,2,3,4880,0,1,2,257,4974,309,4888,295,3,0,4879,1,4,4,480,4943,4964,9
1,2,3,3,40,4895,4880,231,4,0,2,1,1,3,2,17,230,4894,1,2,0,6,254,2,3,4889,29
2,0,0,5,19,6,8,3,3,8,3,4,3,17,2,3,14,5,25,4880,2,3,4,2,3,10,5
1,2,1,1,5006,5,247,5,4,0,3,2,5,5,4884,3,8,262,0,3,4879,3,4962,1,2,9,10
2,1,2,2,1,2,62,4879,8,1,2,10,2,8,4882,4,3,9,0,237,1,4879,3,2,12,276,9
1,0,229,1,244,4879,9,5,4,1,10,706,3,0,4917,4883,7,8,1,4,3,1,1,3,1,1,9
2,0,4879,19,1,24,8,6,4917,0,1,33,12,2,19,5,9,30,0,7,3,1,1,2,6,4,4912
1,4,1,4,13,243,15,7,8,3,1,10,3,3,4879,4962,7,2,6,230,2,1,5,4879,5,12,11
1,1,0,2,1,4879,3,5,6,2,1,449,5,6,6,6,5,5,0,1,265,0,4892,3,1,0,5
0,4,1,1,81,5,5,4880,10,4,2,4,4879,4,6,4,11,7,3,1,4895,2,4,3,2,1,1
0,1,4881,3,4879,2,8,8,8,1,4,4,5,2,13,37,4,4,0,1,3,4,9,0,4,5,7
5,0,1,5,1,2,5,7,9,1,2,1,7,1,4882,2,234,6,4,2,6,3,4879,12,450,9,18
0,1,2,39,16,231,234,4,7,1,1,3,226,4881,253,2,4,250,1,8,2,0,2,2,4912,4894,4885
3,1,5,0,2,230,13,17,4,0,1,13,0,4910,4,2,1,2,0,1,39,41,3,11,4,27,4909
0,0,9,2,8,11,5,8,3,2,1,4879,4,4,4883,4879,12,267,1,2,3,4893,5,11,4891,6,10
1,2,1,5,451,6,4,4,6,4879,449,38,1,3,2,18,453,4,289,4,1,23,3,21,3,9,4
7,4,3,1,3,5,228,12,2,10,1,2,5,11,4972,229,4,259,0,227,2,1,4,7,6,4,31
0,1,1,232,2,4879,13,5,3,0,0,1,5,1,4887,14,4879,9,2,5,2,235,3,41,4,2,4
0,2,1,3,1,4879,3,4879,5,1,1,3,227,4913,3,235,4,2,2,4,473,6,9,5,0,9,4883
1,0,6,4879,2,4,7,4879,4,1,1,1,470,4880,4881,2,4879,4,0,3,1,2,11,5,3,4,4886
1,0,4889,2,4,6,0,4928,4,4881,3,1,1,4,233,285,7,5,0,4,1,3,4,4891,1,550,6
0,5,2,13,10,2,0,3,10,1,227,1,0,4887,17,5,10,14,2,1,0,1,4,20,3,3,4885
1,1,2,5,2,1,2,4908,2,1,1,12,2,4,4885,21,7,22,0,2,2,0,7,2,3,8,4929
3,57,0,5,9,2,0,1,4,1,4879,0,4,8,3,4882,9,7,1,0,1,5,4882,4,26,5,8
2,1,4881,2,2,2,3,9,2,0,2,1,3,266,4,4879,3,6,0,2,2,2,5,229,11,5,80
0,1,452,4,3,4879,4892,14,4,4,1,8,4896,12,10,8,7,489,0,1,1,2,227,0,2,34,7
1,2,241,3,30,1,3,4881,4879,1,8,1,292,4904,9,246,4890,4,0,0,1,1,3,5,7,41,4891
0,3,4,3,2,4881,4879,269,7,2,1,3,7,28,5,1,3,5,1,236,1,4,4879,24,3,8,39
1,4,4879,3,228,7,3,4,7,0,256,4880,0,13,4882,6,5,4,1,2,2,1,6,12,243,13,450
0,0,6,3,4879,0,0,5,9,2,3,3,3,4,5,5,5,14,2,5,1,7,4964,2,4,250,11
1,4,6,1,4879,1,4,10,5008,2,1,41,231,22,452,4952,37,298,0,1,6,4879,4881,4879,6,4,9
1,1,7,23,1,4,6,3,4,2,448,1,4881,5,3,4879,1,7,0,2,2,0,2,459,3,2,12
0,1,1,4,2,7,5,229,2,11,3,2,17,4,4883,16,4906,5002,4879,290,10,4879,3,3,229,4879,33
3,2,17,11,3,40,2,8,43,1,0,2,2,2,5,4890,3,4,4,3,0,34,1,11,5,4882,6
0,4883,5,255,3,13,3,4,4883,2,4884,8,33,6,4,7,9,3,1,1,9,10,4879,4887,4884,6,7
0,2,4891,4881,5,8,3,4883,4904,4879,2,2,3,4895,4,4879,4952,233,1,0,4,5,4888,10,2,4894,4
232,1,1,4,0,2,3,40,4879,1,1,4,9,3,4,3,707,4951,1,2,3,0,42,6,233,9,292
1,2,3,4,2,6,5,8,5006,3,0,3,26,1,4884,11,5,10,2,1,7,3,4903,6,9,4,6
1,1,4879,453,1,4,5,4906,302,0,4952,0,2,9,1,3,2,230,0,6,2,249,11,4880,3,15,16
0,3,4887,4881,3,31,2,8,63,7,0,3,2,4886,5,3,320,4888,10,1,0,2,8,7,3,24,2
0,7,4881,2,8,1,7,5,7,2,1,2,1,3,3,1,25,4910,0,1,4879,3,4,2,5,5,301
0,1,245,4,1,1,7,4881,4,1,1,2,19,8,6,4,459,4,2,1,2,4879,6,4881,9,62,272
0,448,0,0,6,12,5,4,4,4879,1,6,4,4,1,4,7,5,7,1,3,23,4881,4902,4,4889,4882
0,1,1,8,4,4891,6,4,57,5,0,4879,8,708,3,260,4894,4879,3,1,4,4,4887,4882,6,2,7
0,226,4,3,5,5,0,19,4880,1,4879,8,0,4,13,4,45,6,0,3,2,4,8,5,6,4879,4
1,254,238,2,2,3,3,14,1,7,3,2,3,4,3,5,316,37,0,0,3,0,5,4879,4891,4879,9
4881,0,3,2,8,239,4,6,3,0,1,1,3,2,3,245,12,10,0,3,5006,2,0,4883,4883,7,21
238,1,2,5,6,3,8,4879,16,1,2,1,1,4880,10,28,4879,4915,11,226,1,1,247,0,17,5,6
7,0,1,4,1,1,4881,4879,4889,1,1,5,1,1,5,4,255,4,1,246,3,6,4,231,5,6,10
1,2,2,3,3,2,4,13,5,1,2,6,1,12,41,6,3,4,0,2,0,2,1,4893,0,4,3
3,1,4881,0,4,6,58,91,4884,4879,2,4879,3,3,4953,8,29,255,5,3,4879,314,4885,1,7,5,9
0,2,1,10,3,4,4,2,6,3,0,1,291,449,34,240,4,5,1,4897,1,2,16,247,4958,3,40
1,229,1,2,455,2,81,9,4881,1,2,0,8,1,8,4883,2,4988,1,0,9,6,4,451,3,261,4879
11,0,1,4881,4917,7,3,250,5,1,0,5,3,4,2,4895,4879,4972,1,2,2,2,58,3,2,4901,87
4879,3,3,10,2,3,3,5,7,1,2,1,8,3,4,4883,5,4907,0,4,2,3,3,40,8,6,4
1,2,3,7,3,6,2,16,41,4882,1,236,226,4,317,4,260,3,0,227,3,5,4,6,4885,11,4879
0,1,1,4891,0,4,6,2,6,2,1,4879,4978,10,4,14,48,4879,14,4879,4879,3,2,12,20,3,4880
1,1,3,6,3,9,3,1,7,0,1,4,4879,4,7,2,8,7,3,0,3,1,3,231,1,4890,12
226,8,4,4879,5,1,1,3,236,1,2,2,4881,4,4879,234,9,7,1,1,2,3,3,8,6,7,4
0,246,1,4889,1,4,2,4906,64,4,2,291,2,9,4,472,294,4894,4,1,230,6,3,5,10,5106,5
245,1,4,5,4879,2,5,2,232,1,1,8,8,3,7,4,235,5,1,5,4,1,3,5008,4,4879,4885
226,0,5,5,4879,13,2,6,10,2,0,3,1,1,9,7,4,7,2,0,2,4888,3,4883,4887,306,4882
7,0,0,1,2,1,1,10,7,1,1,1,4,0,8,233,2,4891,1,4,227,2,309,7,3,4879,8
1,0,1,38,0,4881,233,247,4909,1,2,2,1,7,4903,308,20,4977,0,5,3,2,5,5010,4879,11,5000
1,1,1,3,2,3,4891,4879,4879,1,5,6,4881,2,5,5,2,4,0,56,229,4881,1,5,250,483,4892
229,0,2,2,1,3,5,17,5,3,1,0,4879,4,7,1,2,490,0,1,2,12,2,19,4,4991,237
0,0,0,5,2,9,7,4879,7,2,1,0,3,2,4886,451,4889,4888,0,0,3,3,2,10,2,4,16
0,0,0,2,1,2,4,12,10,2,6,1,4,4885,230,4884,10,4972,1,3,0,13,11,6,3,5011,232
3,1,0,4879,2,1,4,10,8,5,5,3,2,5,4,4890,7,5,3,0,3,1,4879,229,4909,8,262
2,2,1,258,1,7,4879,3,4887,0,0,1,2,4885,4972,4881,11,8,1,1,1,9,1,4891,3,4890,4879
1,0,5,2,2,7,15,4889,4,1,3,2,230,4879,2,4881,8,31,226,3,4,5,1,4,3,4,251
2,0,1,0,4,2,12,4,235,448,5,3,7,2,2,9,7,36,0,233,4,9,1,5,13,2,485
1,2,9,2,9,4,4,9,257,1,0,0,0,16,3,4880,34,4922,1,1,2,2,3,14,40,4999,4913
0,1,4,2,4881,4,232,4879,4879,1,1,0,227,4972,1,3,10,2,289,230,6,1,5,4,17,11,57
229,0,4879,226,8,1,10,234,4880,0,2,1,1,4892,9,5030,1,4892,1,0,4,3,1,4,17,7,13
0,2,4,8,228,7,10,23,5,0,0,2,4,1,4,4885,3,261,1,2,8,229,43,7,1,240,13
14,9,1,5,1,3,7,69,14,0,0,6,0,230,6,3,6,34,0,1,7,269,11,2,1,4897,6
2,2,4879,6,12,5,242,5006,8,2,3,3,9,4,4879,3,230,4905,1,4879,2,4879,6,6,5028,5008,5
0,234,9,9,5,4882,0,8,1,0,17,7,4910,3,3,757,2,4894,0,4,227,1,4,25,7,4879,11
1,0,4879,1,34,237,3,5,4883,1,2,1,8,1,21,12,3,12,227,0,2,9,3,3,14,15,4
1,2,1,237,4879,39,14,10,12,1,3,35,1,6,517,5,8,6,288,2,0,4,4883,3,4882,230,484
2,0,2,1,4,14,7,5,3,0,3,4,3,6,3,13,4885,20,1,5,5,4879,35,237,36,4,10
2,5,2,7,4,1,1,3,5,13,39,1,4879,2,4,10,252,13,2,2,4879,454,1,4882,7,14,236
2,1,1,0,0,1,9,3,3,0,2,227,2,1,4894,4,11,13,0,0,4906,4879,4,3,11,8,10
1,0,1,0,3,266,4,4881,53,1,3,1,2,6,2,5,7,4,2,7,0,7,2,7,4,60,4889
1,228,1,1,3,4885,1,18,3,2,0,2,4,5,3,37,5,48,0,2,2,41,4879,11,3,4881,10
1,0,0,1,0,7,1,4889,3,3,2,4,35,17,247,4,16,4975,5,3,1,39,2,8,4,4879,4
227,3,1,9,1,0,6,4886,4887,0,2,0,3,5,4883,6,4883,41,0,1,0,2,1,6,8,523,8
0,0,1,4880,4,3,4890,2,8,0,9,6,6,4879,14,3,4932,1,0,4881,454,2,0,4885,7,9,4972
228,2,1,1,4,3,8,2,6,0,1,1,0,7,2,3,6,4897,2,2,0,1,5,10,3,2,6
0,0,0,4,3,5,2,231,6,0,1,8,2,5,5006,0,233,321,0,0,3,6,4,3,4879,8,15
2,8,2,10,1,2,3,249,5,3,1,0,2,42,5,5,7,293,1,6,1,0,288,2,13,4995,23
1,0,0,232,2,2,3,1,707,2,2,1,15,454,1,5,4885,4883,4,3,227,10,258,2,6,10,4
1,4,2,6,1,3,4,243,4,3,2,0,4904,4,2,4,10,13,7,1,2,3,4,4881,2,8,1
3,2,3,2,240,4879,230,230,4,1,34,2,2,11,14,3,251,4882,0,227,4,1,227,17,6,2,9
1,4889,1,2,4881,12,4884,1,0,1,3,14,24,1,29,4,5,3,2,0,2,1,4879,6,8,4,5
0,38,3,226,8,3,4,2,282,1,2,4,1,5,7,20,9,4891,2,1,4879,449,2,450,4887,1,3
0,1,4879,229,229,2,4,18,6,0,1,3,7,2,5,8,4879,9,1,1,2,0,5,4,5,451,5
0,58,2,3,8,3,4908,4879,6,1,2,3,8,462,2,6,5,4885,12,3,4880,454,4,237,5,4879,6
0,1,0,5,3,3,4,4895,7,2,3,4879,3,9,6,4954,5,13,1,5,1,2,3,2,2,9,40
0,1,2,3,4,51,241,5,6,288,1,4,7,2,2,256,4887,229,0,4881,244,0,2,9,4,2,41
0,2,3,2,1,1,4881,4,247,0,14,1,5,31,4,2,4964,5,2,4,1,1,9,751,4888,4879,4881
0,3,10,2,2,4879,1,4,10,2,3,1,3,3,6,14,10,4879,3,3,449,230,1,6,5025,6,4
1,0,4879,4884,12,3,61,4879,4879,5,1,293,11,8,4975,4,2,4881,1,4,4,2,4883,5,7,1,4897
3,2,0,229,3,248,1,7,4886,1,0,4,4881,0,10,245,4,4882,7,228,2,3,2,2,4909,7,3
0,1,2,0,2,6,4,1,6,2,3,1,4879,4,3,0,3,18,0,1,4892,479,3,4,5,452,257
1,4,35,2,1,0,0,6,18,0,2,3,231,2,8,17,5,4888,2,0,2,1,2,448,0,4879,2
1,3,3,0,2,3,16,6,8,0,1,1,18,2,4881,8,4,23,26,7,2,4,4879,2,14,6,7
2,4,1,0,4,4901,5,4908,4,5,2,4,6,4905,2,243,4897,231,0,1,1,16,19,243,1,4,4884
6,2,3,2,10,60,57,4,4,0,0,4881,306,5,4879,8,11,8,0,0,5,2,10,4,4894,297,8
0,2,2,4,8,3,227,305,4,4,244,2,2,3,3,9,14,4883,0,0,11,1,6,2,2,5,6
2,3,0,4886,252,2,5,6,12,6,4879,0,4,4,2,251,7,17,2,1,4,233,3,3,4879,3,4
4879,4,247,10,4879,5,738,4,2,1,1,4,0,4886,2,290,6,4901,1,40,4879,4,5006,2,5,5,13
4879,1,1,0,2,2,57,7,7,0,1,4888,1,8,19,10,5,4995,1,4,14,9,5,2,235,293,18
0,4879,0,3,227,228,6,4881,12,0,3,0,5,6,3,4,3,5,0,27,4,46,7,459,3,4881,4
3,2,3,3,226,4,6,8,4,0,2,4962,3,5,4888,3,4885,7,0,6,0,36,5,12,258,1,17
2,4879,1,3,3,2,1,4892,7,0,0,4879,4,4,4880,8,9,5,0,2,4,2,12,5,1,2,44
2,6,1,3,6,7,5,4,13,5,3,37,5,6,9,4880,3,5,3,0,2,8,2,1,4902,4887,15
1,0,4,3,39,2,236,4,352,0,10,3,2,2,8,4,4,20,3,3,0,1,5,2,5,5,4883
5,1,228,3,1,28,4,2,5,1,5,1,3,4929,5,2,5,247,2,1,3,4882,3,15,7,4,5
1,0,3,3,15,227,4883,3,41,0,1,5,289,4,3,5,4958,6,1,2,2,2,6,2,14,3,8
0,1,1,1,4899,238,4,2,17,0,0,451,6,2,4888,2,9,6,2,0,15,1,4879,453,4,4879,0
11,4,1,6,3,4,4,5,4879,1,2,3,2,5,4,8,4881,7,226,4879,1,15,450,5,4,34,12
0,4,1,1,5,4,15,1,4907,1,1,10,3,4,4889,2,7,2,1,5,1,5,6,238,3,4892,5
0,2,2,21,3,2,239,248,8,2,1,2,1,3,4901,293,10,4879,0,1,0,3,4,4880,4881,21,7
1,2,2,1,11,4972,9,4879,4,0,2,2,27,2,5,270,4983,7,1,2,1,11,2,12,3,3,5
0,0,2,5,3,3,1,2,49,1,2,25,3,7,4902,301,4888,12,2,0,4,249,16,7,5,22,5
0,4879,4,236,10,4,7,62,237,6,0,5,2,8,4973,4898,4881,457,0,2,4,457,4890,8,272,6,5
3,4879,3,3,4,4,3,3,3,0,1,1,1,4,5,4974,4932,2,1,1,3,2,6,4891,453,13,4881
0,1,226,230,11,2,2,14,230,1,2,4879,3,19,7,270,58,4970,1,2,1,6,2,6,4,8,256
1,1,2,2,3,0,10,5,5,0,4879,2,4982,2,6,60,1,242,0,242,2,1,4879,4894,251,4882,4
1,4,1,2,5,6,4884,5,7,2,2,2,4,6,17,4932,1,6,0,11,1,4,13,6,11,40,5
0,5,2,4935,4879,226,2,8,7,2,1,11,4881,5,4,4880,16,4903,1,4879,6,17,4,227,6,7,36
1,0,2,7,8,1,3,236,10,4879,5,230,8,4954,3,12,3,4890,1,1,12,0,458,4952,3,4,5036
2,0,1,1,1,1,10,4882,4,1,4879,7,2,5,9,4903,4,4,0,0,227,2,9,16,35,6,4
0,0,6,2,1,4891,13,4,1,0,34,0,4879,0,4879,232,2,450,1,0,7,5,4,6,4,4886,5
1,2,2,2,3,1,9,3,13,1,6,2,8,9,13,4890,6,5,2,460,3,2,3,449,2,4964,235
0,4879,0,1,39,4,6,3,11,0,706,20,5,3,38,3,7,4,2,4888,2,229,3,0,229,2,232
1,0,451,1,2,3,2,6,7,0,1,2,3,2,2,13,5020,4883,1,2,2,4,2,6,4880,243,12
1,2,1,4,1,2,7,257,6,1,0,1,3,4887,450,12,8,7,0,5,5,4881,36,56,6,4900,45
1,1,2,229,2,39,2,1,7,2,5,3,227,1,3,3,4901,26,0,2,39,2,3,4,60,5007,9
1,3,1,5,5,1,3,4,9,4881,1,0,4,0,19,40,4,4879,0,4,3,5,12,40,4881,8,6
1,3,4,8,2,3,5,7,3,0,452,2,4883,494,4880,6,15,6,1,1,44,247,2,233,7,234,22
0,0,0,9,4,241,4892,4,4886,38,2,1,3,4,10,6,3,4879,1,4883,3,4881,2,233,4888,4963,6
0,4,1,1,2,15,7,5,4880,4879,4879,2,5,5,5,2,4888,4910,2,12,8,1,230,4901,4906,7,6
0,0,0,2,321,228,3,4,5,1,3,6,4,3,4,448,4,4,1,20,1,2,0,4879,3,300,4
0,0,3,0,3,3,9,9,11,3,2,2,3,4879,4894,4882,4887,4880,3,1,3,1,11,4,4879,23,293
0,3,1,242,4879,3,4879,17,240,0,2,4886,1,2,0,21,5,5,1,2,2,2,229,6,10,4,4884
3,8,1,3,3,4906,3,3,3,2,21,4884,5,1,4,4885,7,4879,1,2,227,4879,0,2,1,4886,10
2,1,6,4879,1,1,5008,3,249,2,2,24,32,1,4906,3,8,4880,1,2,2,1,17,236,4887,4900,4879
1,2,6,0,2,4,2,10,2,1,5,3,1,3,3,0,3,4886,7,0,4879,4,7,1,13,4901,7
1,1,1,5010,2,4,5,2,11,1,1,1,4879,4,4,3,4,4911,0,5006,2,1,28,25,4888,6,4
0,253,0,3,229,10,4881,4879,2,0,3,4879,2,2,0,5,4879,7,2,1,4879,3,6,2,3,231,13
230,2,8,4,2,26,5,4,2,4879,1,1,2,4,2,4905,4880,485,0,3,3,5,13,3,4,4,4879
1,4879,4880,2,4,5,6,67,5,3,2,2,2,3,5,4,4881,4885,0,4952,3,1,234,14,6,2,3
1,2,2,4879,11,14,5,462,5,1,7,1,2,448,3,5,42,3,4,2,1,1,0,4,47,7,2
9,53,1,3,11,238,60,7,18,4,0,5,4901,0,40,5,4,5,0,2,2,6,1,12,4910,7,2
1,0,2,8,11,4882,7,237,4,3,0,4,4,3,5,4975,40,4,2,258,6,3,450,0,7,4899,16
1,227,2,4879,5008,2,3,2,3,1,2,2,12,4880,4,12,2,13,0,8,16,5,4880,6,4884,7,36
0,2,3,0,8,1,3,5,4893,1,1,1,12,4890,295,4881,3,7,4879,2,2,3,229,2,4881,2,4881
0,1,2,5,12,5,12,1,4879,1,2,3,3,3,1,5,4879,11,0,2,5006,2,3,3,9,3,10
8,2,0,0,10,2,734,237,3,0,4,1,2,231,8,249,232,4,2,230,1,3,7,18,17,3,5
226,1,2,3,1,2,5,10,3,1,2,5,4,1,4,10,4,9,0,246,2,3,4,4920,16,7,4892
2,0,3,3,3,43,2,4886,2,1,0,2,1,4,5,3,2,4882,0,0,21,11,5,3,4952,2,6
0,1,1,3,4,1,4879,227,8,1,2,269,4,2,8,34,5012,3,1,1,6,2,12,4883,7,3,38
0,0,2,2,1,5,0,6,4,2,3,2,3,2,5,5,522,250,227,2,1,1,258,3,1,4888,5
0,0,0,55,4882,1,4,3,3,1,5,2,1,294,4881,4883,4889,6,0,5,1,3,1,4879,4,4,6
2,1,2,10,2,3,8,5,4879,0,2,1,1,4,13,9,5,2,0,1,9,247,2,17,4894,6,4879
0,0,2,2,4879,1,5,232,11,1,4879,13,1,452,2,5,3,34,7,2,4879,230,6,7,3,4883,4879
1,1,0,39,3,4888,3,64,5,1,2,7,5,4879,7,3,4881,819,4879,2,1,247,244,4883,240,8,303
268,17,4,8,2,2,5,8,4,0,5,0,2,6,8,9,3,5014,1,449,227,14,2,1,1,64,4952
2,0,9,0,2,3,2,5,24,1,736,230,288,4899,6,3,4881,10,0,1,0,5,1,2,6,2,3
2,3,3,9,4,4,4880,4890,3,1,6,1,4881,4,4,3,313,5,1,0,1,3,4888,1,6,4883,7
3,0,0,3,4889,2,4879,3,9,4879,1,4899,3,1,251,17,4917,5,4,4906,0,4,12,2,1,8,4
2,0,233,4879,4,3,4881,15,5,1,4,9,6,241,4883,6,8,6,0,1,2,5,28,253,5,5,42
4879,0,1,3,3,5,242,4,3,0,0,2,5,6,4879,4,4882,4954,0,0,2,5,12,3,4891,5034,4879
1,3,5,2,2,4879,42,1,5,448,1,6,2,2,293,4879,448,4,3,4879,34,1,33,1,4,263,6
1,1,4,4883,6,239,5043,4895,7,0,0,3,5,3,4,6,4891,5,2,2,2,4879,9,4879,8,232,4905
0,5,1,1,5006,2,4881,4,4,1,1,3,14,4,36,19,8,4896,0,5,13,2,2,7,16,3,9
226,0,1,0,248,7,3,3,4880,1,1,2,0,3,4,4893,6,4879,1,0,7,2,3,5,4881,4879,2
0,1,1,227,1,16,6,5,4,2,5,0,2,6,33,4879,6,2,0,1,1,4972,6,6,4879,4879,4881
1,1,1,2,1,1,6,6,4886,1,5,1,3,48,19,27,259,12,1,8,7,1,3,4879,9,5,272
1,0,2,39,19,2,10,239,4885,0,0,3,4,3,2,4973,7,10,5,0,1,3,7,2,6,3,3
2,4879,228,1,4879,5,4879,249,15,1,1,2,2,5,3,4979,233,4973,3,6,1,1,289,3,7,9,16
1,1,1,4879,1,2,4881,3,13,2,13,4,1,5006,4,7,4,9,0,4,8,4879,15,4897,4,4882,3
3,10,0,1,238,1,1,8,8,0,0,13,2,6,3,4879,5,8,18,1,2,3,227,5,6,8,3
0,1,4,4879,8,3,1,4879,5,13,3,1,305,1,5,4952,5,14,4,2,3,2,5,2,3,1,15
4,0,1,2,1,3,4883,236,2,2,2,5,8,7,12,10,44,9,3,0,0,4879,2,4879,9,241,4917
0,245,6,1,0,12,59,4883,5,10,2,11,3,5,1,4899,5,4964,1,5,1,2,27,4,69,4,14
2,4888,1,2,2,235,7,4,4885,0,1,4,227,2,22,5,4925,5,1,0,2,9,449,4901,4898,258,9
1,0,2,5,6,229,17,6,7,0,2,4899,7,40,3,46,4888,7,1,1,4879,2,1,42,2,237,7
0,1,1,13,2,234,56,245,5,0,1,3,1,10,6,2,4890,14,0,1,3,2,2,4879,1,21,4883
0,0,1,5,0,2,234,4888,6,1,3,6,10,2,261,4974,20,4879,1,3,2,2,4,5,6,16,4886
7,0,0,2,3,10,5006,12,5,2,315,1,3,15,2,4,4882,5,0,2,4879,4,19,39,4,4879,11
1,0,2,9,231,2,6,4879,2,1,2,5,55,3,233,4,27,10,1,2,1,2,2,3,4887,4895,5
1,0,8,2,4882,4890,4,15,2,0,1,2,4888,5,4887,3,4,11,0,4952,5,4890,4,1,4901,3,3
3,2,5,3,235,0,5,250,0,0,3,1,2,2,3,29,8,4,0,2,462,1,2,5,5,4885,7
1,6,2,2,2,246,4881,11,237,1,3,1,6,2,3,9,10,39,2,4,1,5,4884,7,13,234,8
1,10,1,12,1,228,4,2,5,1,226,292,66,5,2,4887,7,33,1,233,3,3,1,5,7,350,13
2,230,0,2,5,6,4,7,1,2,3,2,6,1,4889,5,35,2,2,2,39,3,1,9,5033,13,6
226,8,230,4883,9,2,3,12,57,0,5,1,6,4,1,3,248,6,10,2,1,1,4,4,4879,4903,10
1,239,1,3,57,3,3,7,4887,2,6,4882,1,2,4,4977,4,4885,1,2,3,4879,4879,1,4882,5006,31
4879,4,232,1,9,9,4,230,4884,0,1,290,3,13,3,3,27,14,0,2,1,12,13,2,5,1,5
1,2,4894,0,12,4,5,2,257,0,2,11,4881,4903,0,3,7,5,3,1,3,4,4,4,6,5,15
0,0,2,1,0,4894,5,3,4881,0,10,8,3,34,451,4879,4879,10,1,2,1,3,2,4,8,4972,4884
0,1,1,3,2,3,1,4879,4884,0,0,2,3,2,4,5,234,4904,1,288,3,4,4,1,243,4,5
0,4,5,3,4880,10,4,2,8,0,3,2,6,4883,4,8,6,4884,12,2,4,5,24,12,2,4879,3
1,13,4883,2,240,3,4,6,230,0,0,1,7,2,5,37,449,3,2,1,2,11,3,4882,15,4952,4884
1,4,1,2,4888,5,11,3,6,0,5,1,5,1,43,28,6,2,1,8,5,1,4879,4879,3,7,5010
0,2,3,1,2,11,4886,7,238,1,2,5,2,4,4895,6,6,14,1,1,3,2,0,4,16,6,5
1,2,5,1,2,10,261,4890,2,1,4,2,4,8,706,58,10,462,1,17,1,0,4881,4879,5,4,9
1,1,7,39,4879,3,3,13,4879,3,4879,3,10,4879,464,4,4,4881,1,0,1,4,4,41,231,8,13
230,238,2,4901,236,1,236,2,8,1,1,2,4881,9,3,4,10,4980,1,1,1,2,3,4966,1,14,807
0,6,7,4881,6,4890,4887,6,4899,486,0,452,2,4,450,231,10,4882,1,2,2,0,4903,2,7,3,13
0,2,2,1,2,5,5,2,10,3,0,4883,4,3,76,5,14,0,4,2,4,4,7,2,10,3,267
1,4879,4879,2,40,3,16,230,4879,0,0,4,4883,18,5,5,7,6,1,1,2,4879,9,31,2,19,9
1,4881,4,1,1,1,233,4886,9,4,2,10,1,4910,7,3,4961,725,1,2,6,4880,8,4880,14,4879,8
2,2,2,4,1,4889,2,4,4879,1,1,288,451,9,4,35,7,0,4,1,2,1,4879,5079,3,3,55
1,6,236,2,1,7,1,2,4,0,1,2,4879,3,31,4,4881,6,1,0,1,2,4879,4965,4879,6,8
7,1,1,3,1,2,11,4882,4906,0,0,3,14,4882,4,14,4892,63,2,0,13,4879,6,0,3,5,13
1,2,1,2,7,2,3,2,1,0,4879,0,1,291,3,235,4886,6,3,2,1,13,4908,2,5,16,11
0,1,0,4879,3,10,4903,4881,10,53,1,0,4884,1,6,3,4,5,0,6,3,7,4,5,260,3,2
4,1,0,11,2,7,4,10,19,3,0,3,7,1,9,2,21,4879,0,1,2,1,2,4879,4,4,9
16,2,1,4,2,248,4879,2,8,3,11,1,2,716,4879,9,5,7,2,2,5,2,4,3,16,261,13
3,1,3,2,4,240,5,1,4887,6,6,43,11,11,24,4879,4,3,2,1,1,0,2,448,4879,5,3
1,53,1,7,5006,2,1,8,7,4,9,226,452,5,3,709,13,4917,1,1,0,5006,4885,8,4879,4885,14
1,3,1,6,4887,2,1,11,5,1,1,2,7,4887,2,9,4,22,27,4879,8,6,10,1,4881,5,4880
0,1,5,1,3,4,0,2,4901,1,5,5,5,3,4879,4958,5,9,1,2,2,4,4,2,8,4,5
1,38,19,4,3,227,4879,6,40,3,1,3,39,7,247,484,4921,14,2,8,0,4,450,3,4879,5,6
1,1,39,4,6,7,4884,5,6,0,2,1,0,2,7,37,4889,37,1,3,1,2,9,3,4977,3,4
2,1,38,2,2,2,1,17,5,2,5,4,4879,5,4,19,4,15,0,1,2,21,26,4985,0,9,4890
0,1,3,2,3,232,4,7,3,0,0,722,3,1,464,4897,3,8,2,1,1,1,4,4879,21,13,4
1,0,1,7,4881,9,4901,2,7,5,6,5,8,28,306,4882,3,3,0,1,0,4895,2,4,8,3,5008
0,11,7,6,10,234,253,1,4884,0,0,1,18,3,454,2,3,8,3,0,1,4,2,3,4886,454,16
227,0,1,1,5,459,5,5,4879,3,227,236,4,4,4914,3,5008,2,4879,1,448,27,4879,9,4,4,299
3,3,228,2,2,2,5,5,4879,0,1,1,227,229,3,7,710,4895,1,2,1,2,1,4884,2,3,451
0,1,3,3,13,3,2,41,10,7,4882,3,2,10,23,3,452,43,1,0,2,4879,41,36,5,10,47
0,3,0,2,2,1,2,4,13,3,1,3,0,2,5,4,2,30,2,3,10,34,2,455,16,42,249
1,2,2,2,240,4881,4881,17,4882,1,6,2,4952,4880,2,7,15,7,235,4879,246,1,5019,3,292,31,7
0,39,8,3,4879,5,42,10,1,229,2,290,2,1,6,3,4905,8,1,5,4903,233,10,4881,4884,7,238
5,1,226,1,3,4879,6,4901,3,5,2,4,2,226,8,259,4,7,1,3,2,2,227,4,4888,8,4903
2,2,1,1,228,22,5,14,1,0,5,233,2,4879,2,1,13,4961,0,229,2,4,3,4,6,6,4894
0,2,6,6,2,4,230,2,3,1,1,4879,5,466,4894,7,4,8,8,1,251,228,1,5,252,4882,772
0,3,4884,0,5006,7,2,2,5,1,2,3,3,8,54,4887,4882,3,1,1,1,0,229,2,5,229,2
0,3,4879,3,234,3,60,4,2,39,1,1,4,36,4891,5,4882,455,1,3,2,27,2,29,453,9,4886
8,0,2,229,2,4879,2,4881,5,2,2,0,4883,0,4881,5026,3,4879,0,1,4879,8,2,3,4,4879,6
4,2,7,4883,9,4879,3,4879,2,2,0,1,3,1,4,231,2,25,0,2,2,13,6,3,4879,6,4930
1,40,4,226,1,2,4,1,6,1,3,4958,1,2,3,237,35,14,3,3,10,4,1,5,9,232,4902
1,1,3,6,4,4891,14,9,17,0,0,2,2,34,296,3,4879,451,0,248,2,15,30,5077,3,6,4879
3,1,13,4879,3,5,2,3,4899,291,5,0,4,16,4883,4,4987,2,0,2,259,4,54,449,4,245,487
0,1,6,1,1,232,3,16,4882,1,0,4,3,4,7,711,9,4974,4879,1,0,2,3,6,4885,6,5006
8,0,1,1,250,4926,4879,238,227,2,3,8,258,1,292,4881,2,4952,1,4879,4931,0,7,37,4882,3,4952
1,1,3,3,3,1,7,3,3,28,0,7,1,12,4,9,5,4964,2,2,2,3,4888,4,7,4892,4962
1,8,2,4879,7,252,4884,2,4879,8,4881,3,0,709,2,4962,6,2,1,1,4,1,8,13,2,5,364
1,1,226,6,229,3,33,10,4,2,4,3,456,19,4881,6,43,13,0,5,4,4879,55,5042,4881,4904,4879
58,0,8,5,252,42,5,7,4879,6,256,1,226,9,3,4,8,4,4,229,4,291,3,30,7,4,8
8,1,1,10,3,5,255,3,3,448,2,6,4882,4,4891,304,13,4899,1,1,5,1,3,227,4879,4881,4895
226,0,10,2,2,5,5,4,15,0,1,0,4,6,4,5,4996,3,1,1,3,1,481,4,2,11,3
0,2,14,3,8,227,14,2,31,0,2,1,4,1,4883,3,12,11,2,1,1,13,40,10,1,38,4911
4,4,1,4,3,4,9,13,8,2,3,5,7,4879,3,4882,4912,4,1,0,25,3,2,7,6,2,4898
2,0,2,1,8,0,4,1,4,1,1,4879,8,3,13,4,4902,5,1,22,2,1,2,6,228,230,6
0,2,0,1,5,3,0,3,9,1,2,1,15,1,1,24,5,4894,2,5,10,3,4996,465,5,232,4887
0,2,3,0,1,1,4883,1,241,0,2,10,2,4,8,11,2,9,0,2,2,4,2,2,3,287,4882
2,0,1,3,10,4881,265,7,5,1,0,298,2,4,3,6,6,4913,4,3,1,1,1,2,4881,45,38
0,1,1,242,227,3,4,5,3,0,2,2,7,0,10,9,14,6,0,1,2,230,231,3,1,4900,10
4,2,0,5006,247,8,16,4,5006,1,0,2,4,229,13,2,16,3,0,4,229,2,237,3,4881,4903,4
0,238,40,1,227,6,11,234,18,1,1,7,2,26,5,10,6,12,0,2,1,12,4,19,4,10,46
1,7,0,1,4879,4879,227,4,4,3,2,256,4,2,4879,10,4889,13,5,0,4879,0,7,6,10,3,4953
0,230,1,248,14,59,5,12,6,1,3,5,1,6,18,7,4886,4879,1,1,0,10,8,4,4888,49,18
1,231,2,2,8,1,10,3,3,1,1,3,228,3,1,3,14,43,0,2,3,2,41,1,5,10,256
2,1,5,1,6,5,4879,41,228,3,1,4,0,1,1,6,2,548,0,4,4879,3,4,4,4,11,13
0,0,2,1,4,8,5,7,5,0,0,2,1,2,4,4,5,8,3,4879,3,0,2,4879,6,229,17
0,5,1,0,1,2,4882,227,5,1,0,1,0,5,6,7,5,12,3,0,1,5,4886,251,2,5,5
2,1,1,12,1,4,2,2,8,4879,1,15,11,267,5,4953,710,18,1,2,0,12,5,2,5,5,6
0,0,4888,1,4,3,3,5,2,0,0,2,4879,2,4890,4879,244,5,1,3,5,451,226,6,465,2,10
0,1,12,1,2,5,4,3,5,1,0,4,4879,1,4886,1,23,4954,4,0,2,4883,12,11,4,339,4880
1,1,1,2,4879,4895,6,7,1,1,3,0,3,1,34,4905,5,4904,1,6,16,9,4,5,4885,4879,7
2,4879,7,4891,4887,2,4887,3,8,1,1,1,1,6,17,4879,9,7,2,3,1,2,467,299,3,8,4881
2,227,1,1,5,1,4880,14,11,4,1,8,8,4879,14,1,5,34,1,1,4879,4,271,4,5029,10,6
8,1,2,5,2,1,4881,1,2,0,1,57,4885,2,260,3,11,7,1,3,1,44,5,11,6,4,6
0,1,6,1,16,2,4891,238,1,0,1,1,4,4879,10,4880,7,7,2,2,229,12,267,22,3,15,5099
1,1,6,0,2,2,240,3,4900,0,3,1,4888,3,4881,36,6,4880,1,28,4,8,1,11,4885,240,2
5,4879,2,5,3,2,60,2,267,229,4879,2,3,11,4,4879,230,19,5,1,2,1,18,4,9,2,4972
2,245,1,64,5,3,3,10,254,0,0,231,5,4,6,232,10,8,0,1,3,1,3,12,7,4893,248
229,2,3,8,7,231,3,3,6,0,2,35,4,3,709,4881,4894,4887,54,4879,3,229,6,5,36,3,9
1,3,231,1,8,3,11,4879,1,1,0,3,1,40,4,4908,297,4,7,3,8,4,4,7,4886,9,4881
0,1,4,7,1,4886,11,9,3,1,1,0,3,8,6,4980,15,454,0,5006,2,4879,12,1,4879,4,6
0,1,11,8,1,3,2,6,247,1,3,450,2,5,2,4,5,245,0,4,7,4,7,232,94,263,2
0,2,14,4881,5,0,5008,4,4879,38,2,1,3,2,13,2,4,4882,3,231,4879,4881,5,2,4883,4883,242
1,2,9,1,8,13,4,7,3,1,28,4,1,452,4894,8,5,9,0,3,236,5,5,6,4898,263,1
1,4879,7,236,465,1,14,227,229,0,1,6,8,7,19,5,4881,3,38,25,4879,4984,6,2,6,3,4894
0,1,2,6,4,15,7,2,244,231,2,6,6,4879,11,6,5,4,1,1,13,3,10,5,4,3,11
1,228,0,5,2,9,5,4879,4882,1,4891,1,8,7,4,4972,8,4931,0,3,4879,4890,1,1,10,253,3
1,3,3,2,4,233,4882,15,3,0,1,1,3,3,7,3,4,7,4879,4879,60,2,3,3,17,8,10
1,2,226,276,2,41,4881,7,4904,2,449,4879,2,3,1,11,4879,4922,1,3,0,11,10,1,4895,2,22
0,0,3,3,1,0,4887,63,4,1,2,4881,452,2,3,3,5,4974,8,6,4,5,5,11,2,43,11
4,8,1,2,12,2,2,248,4927,0,12,3,5,3,3,8,4897,4882,1,2,27,4879,24,4937,11,10,4890
0,4884,4879,4879,249,4,8,7,6,2,0,6,4,5,10,6,11,256,10,5,5,1,6,41,7,4,4
2,4,3,2,4879,1,4883,6,61,8,1,1,4883,291,4,7,10,6,5,4879,4,2,2,6,3,5,4
0,4,1,2,0,8,1,5,8,0,1,288,9,0,10,8,525,4886,1,2,5,1,5,3,14,4,17
1,1,3,2,5,4879,10,230,4883,298,1,0,0,3,1,6,6,4879,7,0,2,1,3,3,4882,8,449
10,3,1,46,2,233,3,17,4,1,2,290,9,4926,4883,4894,4889,5,3,1,2,1,2,10,293,5,750
1,4,56,2,228,12,236,3,4891,0,4881,707,3,10,2,45,3,4964,1,7,1,4,4895,3,8,256,11
1,1,2,6,7,5,5,9,16,1,33,10,2,2,4,7,12,7,14,0,1,1,11,1,2,4,7
4879,0,4879,250,4,4,10,5,5,1,1,3,9,5,5,5008,8,6,0,1,2,0,4879,4926,36,2,4879
0,1,4,717,4879,4882,6,6,12,38,0,3,4,2,2,3,4,20,1,2,4974,1,3,5,4,67,4893
0,1,2,2,4881,6,16,2,2,229,1,4879,0,3,1,4888,4905,22,1,242,5,4,4892,3,254,4895,10
3,0,3,3,3,8,3,4882,3,1,3,1,259,4,4899,6,4881,8,0,1,1,0,4890,4,2,43,13
233,1,0,7,2,4881,228,5,4882,2,288,39,6,4975,2,12,4,4928,1,0,4,4879,1,30,3,4886,19
0,1,0,2,58,5,7,231,4885,1,3,4881,3,2,7,453,10,240,3,3,9,4,1,2,2,6,2
1,1,1,2,1,3,3,4883,4889,4887,3,1,2,4882,6,6,4879,258,1,4,7,5,5,2,295,5,49
2,4883,2,0,4882,3,62,9,5032,4879,4879,3,2,7,3,241,1,2,0,2,1,7,2,3,4974,4881,12
0,2,2,4881,2,3,2,4879,4883,9,1,3,12,11,261,8,4879,4962,2,3,2,448,2,5,4,4,4895
0,1,1,0,1,8,3,5,227,2,1,3,6,25,0,4883,4879,7,0,7,4881,4879,3,4879,1,8,3
1,0,0,1,4880,6,64,12,3,1,3,13,1,5,11,3,11,727,0,4,4974,2,6,9,4952,15,8
1,0,4879,4,55,4,3,235,244,4879,3,1,5,5,7,11,2,15,0,1,2,8,2,4883,7,232,4883
0,6,3,4,1,4,12,4884,3,3,7,8,41,1,321,4887,1,7,1,38,0,53,1,735,2,64,8
2,1,15,40,0,1,3,8,9,0,4,4976,3,1,4879,8,8,4879,1,0,1,3,5,2,10,10,6
0,2,13,15,5,4910,5,13,9,1,2,1,4,3,5,2,9,21,1,3,0,4879,2,7,6,9,4970
1,2,9,9,14,3,4,2,4,9,1,1,3,4890,4881,8,5,4,0,4,1,4879,3,4,8,4,7
1,233,1,4879,8,1,3,2,4,0,2,2,1,7,4910,2,6,262,2,0,39,1,40,4,296,10,5
0,1,4889,3,1,55,9,8,7,1,3,3,2,4887,2,4,5,3,0,2,0,1,4,291,4879,229,236
1,232,1,2,2,2,5,3,16,2,1,2,4,1,1,21,15,5,1,1,4,4879,1,293,11,237,11
0,0,2,2,4891,4,2,12,3,1,0,13,2,13,1,3,46,2,1,1,1,3,6,13,4,454,4880
0,1,12,9,6,5,40,3,2,2,1,1,2,1,3,19,43,10,2,2,1,2,3,3,479,2,16
1,0,79,228,0,4882,8,4,4884,3,5,4879,1,3,6,7,4,4879,1,3,288,3,15,4882,5,4891,8
2,0,9,6,2,1,2,12,7,2,0,0,3,34,2,5,2,3,246,2,5,39,6,4,230,2,6
0,0,3,3,9,13,17,2,4890,4879,3,4879,1,5,228,3,10,763,0,4,2,0,2,4879,9,5,2
7,2,3,2,246,4881,4887,3,2,1,0,1,2,5,2,6,4881,4894,0,2,2,237,4952,1,8,19,2
2,0,1,2,0,59,3,40,5,0,2,1,1,6,6,4,11,62,1,34,0,8,6,10,5,4,486
0,7,1,1,1,2,4879,3,12,1,1,0,5,4879,7,4879,4893,5,1,0,1,3,11,14,12,4879,16
0,3,0,3,0,1,4881,6,12,0,0,6,4,1,13,9,453,259,0,2,5,39,8,5,4879,6,4972
4879,4879,3,2,4,2,8,1,4,227,3,3,4,5,6,4950,5,4883,1,5,1,2,233,4,231,13,7
2,0,0,1,1,1,62,15,12,29,4,1,3,31,5,16,3,466,1,3,1,231,4,2,4883,8,246
0,3,2,2,10,2,3,9,259,0,26,4,4,1,12,0,731,4,1,2,1,1,3,7,3,8,8
57,229,1,0,3,7,3,4883,4879,2,0,0,232,4,4,4,4881,7,0,4883,3,4879,1,2,2,4880,11
1,3,9,2,5,4879,3,44,9,1,232,450,1,2,3,13,4982,6,1,19,0,4881,2,4971,9,4,18
226,1,1,11,2,2,5,2,4879,2,226,2,1,4882,1,4890,4903,7,1,1,3,2,10,2,15,4943,8
1,1,2,2,9,3,4,237,13,0,2,1,3,19,3,4885,4889,2,4879,2,4962,3,3,16,2,4890,7
1,4,15,2,4879,4879,4888,257,4879,4,0,0,3,3,4906,4934,7,4,4879,1,2,3,43,2,8,4974,7
2,4,2,0,17,10,1,5,14,2,4881,4,2,3,10,5,3,457,0,2,1,12,0,4985,4882,4887,22
0,0,1,3,4,58,4,4,247,4885,2,5,4,5,30,4908,38,6,5,1,3,4881,7,43,4897,3,1
1,0,4,41,2,2,5,10,12,2,2,5,2,14,6,14,3,5,0,10,0,237,3,6,8,4879,5
0,1,2,5,4879,14,2,5009,7,1,0,1,6,5,3,4,4884,23,480,2,3,4,1,232,36,461,6
0,0,227,6,4879,2,4880,4889,236,0,1,3,0,4879,4883,15,6,6,1,458,2,3,7,3,11,4881,7
4880,1,1,4879,4,226,4,4885,4883,4879,34,1,1,5,4882,3,12,4,6,2,233,1,1,1,6,293,5
5,4,1,2,247,4890,3,5008,3,242,3,1,241,4888,3,7,14,4884,226,1,3,18,23,5001,13,4886,13
0,2,1,61,2,1,3,4,5,1,2,3,4891,0,5,11,4883,4893,0,1,227,4,2,238,6,4,7
1,2,4,227,227,3,42,4,16,1,2,2,3,12,4879,10,4884,270,4,4972,8,1,1,4,4887,4887,46
0,3,1,1,2,1,11,237,32,1,1,6,3,18,2,4901,12,4881,0,0,39,1,3,9,4881,2,4
1,0,4879,7,4890,1,229,10,4,0,2,4879,2,14,5,43,5,14,6,1,25,2,12,6,4894,2,15
1,1,2,6,3,4,5,2,6,1,1,3,4891,8,8,4981,245,16,4,4907,1,5,4879,5,41,237,4879
2,1,3,2,1,2,3,39,9,4,4,4972,5,10,12,1,7,483,1,1,4,239,6,5,4892,4915,467
0,10,0,2,3,2,2,247,4889,0,1,4881,3,4,5,7,4883,4899,8,2,4,231,1,6,82,4879,7
2,0,5,1,2,3,3,1,16,0,8,3,4894,0,3,6,2,11,2,2,5,1,230,6,1,4889,5
2,11,2,2,3,2,9,4881,12,1,5,3,0,2,4884,4,9,2,15,0,2,4879,2,9,4,239,253
0,4,2,8,4879,3,9,4879,4981,3,0,15,4,3,290,461,4932,5100,1,2,2,3,2,5,3,7,28
1,2,1,237,1,1,6,4879,6,4879,4,2,3,0,4982,3,4883,468,0,4,0,3,238,0,2,4908,5
1,1,1,1,228,42,10,6,4891,1,0,2,2,13,3,4,9,9,2,17,6,7,4879,234,11,2,4
2,1,4893,2,3,2,5,4884,6,226,2,1,1,7,6,461,4,3,3,4,3,10,236,3,1,4897,9
245,3,0,2,40,4,3,8,13,0,0,1,7,4885,7,8,4,13,0,0,448,2,7,229,17,4879,20
0,1,0,2,2,3,3,3,453,1,13,455,3,509,10,4902,5,4884,0,4,2,1,5,1,1,15,3
0,1,2,1,1,10,235,15,11,0,7,3,4879,5,6,4880,4948,4900,451,4,29,5,2,2,4,7,10
3,14,0,2,1,2,4,4,4,3,3,301,1,0,4,4,8,9,2,10,2,228,40,7,4904,1,6
58,1,3,6,3,241,42,5,4883,12,2,15,0,4,10,4881,3,4978,1,247,4,3,21,5,5,3,4903
1,0,2,1,3,1,3,2,9,9,3,0,1,4879,2,5,6,4961,1,3,4,3,5,1,2,2,4879
0,1,2,2,0,1,3,5010,58,2,2,1,3,31,5006,7,14,1,3,289,0,17,5,8,4880,3,10
3,1,2,2,0,3,4884,8,13,2,4879,4,4,3,3,27,4894,7,6,0,4894,4879,3,6,15,4884,6
1,11,1,1,4,3,3,43,7,3,1,6,5,241,7,256,4882,6,0,0,241,2,4,2,4,3,4879
2,4,3,4,242,4,8,2,450,0,1,2,3,3,45,14,247,2,1,2,4879,229,4879,5,1,2,7
1,8,19,0,3,4,5,11,10,13,246,2,7,452,4,457,4,6,0,229,10,5,4899,4,5006,4879,268
1,1,1,15,3,6,6,5,4,1,38,1,9,8,4,39,4918,256,10,3,3,4882,1,4,8,8,4
0,0,2,2,2,4895,5,9,19,4879,11,19,0,1,12,233,4903,3,2,2,0,3,1,4,4,1,280
0,0,4,2,239,0,8,8,2,226,0,15,3,7,17,5,14,17,38,3,3,2,5,4881,2,4881,4887
4879,6,2,297,1,4881,1,2,60,0,2,2,1,3,1,8,7,4,0,4,1,1,2,2,6,1,13
1,4,0,226,1,6,0,261,6,1,11,4,3,6,8,4879,6,464,2,0,4953,0,2,9,370,3,4919
0,1,1,15,2,5,12,4,4,448,3,4,4923,4879,244,6,4899,4979,0,0,1,4,4,4,3,3,9
226,3,1,4879,47,245,4,6,4882,0,478,46,2,2,230,5,7,43,4879,1,3,288,2,7,7,1,5
6,6,4,0,7,58,3,2,2,1,2,23,0,2,4879,17,5000,6,4879,1,1,4,9,2,4885,4951,4887
1,1,0,5,3,228,18,13,1,2,1,1,5,2,3,4,4,304,0,0,4,715,4880,7,8,3,6
1,4879,1,3,0,3,8,3,7,7,5,240,43,2,4879,3,263,15,0,3,12,1,4897,2,2,38,2
4879,1,2,1,0,3,4879,7,8,0,0,3,3,0,11,7,3,9,1,5,1,230,4879,4,226,6,5
0,2,1,243,16,236,2,3,3,4,288,2,4,3,250,1,3,276,1,13,9,4879,5,9,11,18,4881
9,0,4879,3,5,11,7,11,13,2,2,4879,1,2,4,6,6,4879,1,4879,231,0,12,4,1,1,37
0,4889,40,4,2,4881,1,3,6,1,1,4,7,741,5,4,7,250,3,1,3,2,4879,5,7,6,4977
4879,26,2,5,2,2,4882,238,5008,0,1,4,2,7,231,3,5001,34,229,4882,3,0,2,242,234,11,19
2,4,259,0,7,1,1,7,269,2,3,1,5,4881,1,4885,3,8,2,3,11,4881,3,4879,4908,11,9
5,1,6,1,7,5,9,307,7,1,2,2,2,13,4,4894,1,35,3,0,4,3,6,4,10,8,3
2,1,4901,88,4,5006,9,9,7,2,4952,3,1,37,0,6,5,5,0,3,2,3,4,3,3,9,15
1,2,1,4,3,4,4881,4880,241,0,9,1,3,7,2,4881,4881,4885,8,0,11,4879,9,8,8,497,14
3,1,1,4892,4,10,2,3,49,2,1,3,1,3,4,4908,44,5027,0,7,2,1,246,4,10,17,4902
0,2,1,2,1,3,262,4,3,0,5,4879,4,10,4881,1,4879,5,5,1,1,2,458,5,8,14,6
5,0,2,2,258,9,3,4879,10,0,4,1,5,4,44,7,3,28,0,13,4879,2,2,2,1,7,3
2,1,2,3,3,6,231,11,4887,1,1,0,1,1,3,45,7,5,2,2,15,7,4,5,2,4879,59
0,5,5,4,2,4,1,4879,6,1,1,4881,6,7,4892,5,240,11,1,4890,1,5,4891,3,4879,11,3
3,2,4,6,5,8,227,4881,238,1,3,1,40,4881,282,4881,30,3,0,10,22,2,6,5,13,304,295
5,2,4,2,1,10,7,720,3,0,11,3,4879,5,6,3,21,5,6,1,1,2,12,2,4958,4912,4916
15,1,0,2,2,2,5,4,4,2,0,4,2,453,8,7,4,5,1,1,25,4879,247,55,1,4,236
226,5,2,1,2,1,6,6,4883,0,1,0,5,5,3,3,5,466,0,2,1,7,3,12,451,5,4881
2,0,4879,10,6,2,236,1,276,1,7,2,3,3,5,2,8,4883,0,5,4972,4,4879,11,8,8,7
11,2,1,1,2,2,227,4879,456,2,2,260,4,1,3,292,3,234,0,303,3,228,4879,61,6,20,5
4,0,1,3,4879,4879,4884,5,4899,4879,2,1,4883,6,3,247,5,4,2,1,7,4,228,3,5,8,13
1,2,2,2,3,4,239,5,5,0,2,2,0,4879,3,6,4885,5022,14,3,291,0,294,7,3,0,17
0,1,11,1,2,9,0,7,12,0,227,5,229,3,17,5,0,9,1,3,4,2,44,4,35,10,2
1,0,3,2,4,4,4,240,54,3,2,1,5,9,4,2,266,16,2,2,1,9,16,3,5,4896,4881
1,0,236,7,234,4,8,5,10,1,4902,9,4881,3,717,6,4899,11,0,2,3,22,8,3,14,1,3
1,4,4,11,4879,58,3,3,1,0,2,2,5,230,2,5,4972,320,5,10,4883,3,4,4,3,6,45
5,4,0,0,11,233,239,4879,4879,0,7,1,6,4879,3,4879,4879,6,1,0,2,247,0,1,1,6,11
0,1,4879,5,2,2,22,4883,6,0,1,0,7,6,8,4879,11,5,0,1,4879,6,4879,4879,4972,247,14
1,0,4,24,230,13,9,4886,2,11,13,1,4,4,10,4,26,3,3,4879,6,2,242,4879,2,13,8
0,9,228,0,1,11,2,3,6,0,4,0,1,2,4954,311,5,5,1,1,0,4,4,228,12,5,4879
0,1,0,2,8,231,4881,4879,470,0,13,0,32,35,2,4,5,4953,1,2,0,2,520,14,16,7,6
1,1,1,6,4884,1,15,4,12,1,1,7,4879,1,4,17,473,4882,0,3,6,4879,4952,708,267,2,4
1,4879,1,14,3,2,5,5,4885,1,0,4879,8,3,5,3,34,20,1,5,3,2,4879,7,1,2,4880
1,1,227,3,4887,230,4879,4882,4880,1,0,4887,3,6,1,5006,4914,5059,9,0,1,4,4910,15,3,4,3
2,1,7,2,10,1,4,59,232,4,3,2,4879,14,450,2,3,4950,0,2,2,6,5,3,4,4912,9
4,2,1,2,4885,5,3,4,4879,4,2,9,4,4879,4,6,21,362,0,9,2,0,2,4879,4910,5,6
1,2,0,3,4,1,2,4882,7,1,233,3,3,4972,22,2,267,4881,0,1,2,4879,2,4879,2,1,4879
0,0,2,9,18,4,5016,8,9,448,2,1,4,4879,6,3,7,2,1,4,1,3,4884,12,36,4,5033
0,1,4879,0,4,1,3,7,7,1,4,3,4879,4881,5,15,4895,9,2,3,2,6,230,37,4,7,4966
0,297,3,4879,1,8,6,3,3,1,3,4,4,5,7,5,4,13,1,4895,1,1,5,4,19,6,274
7,2,0,0,0,3,14,4881,11,0,1,2,2,36,6,3,31,6,0,2,3,0,228,5,297,4881,458
2,1,0,229,0,2,17,3,234,1,2,2,3,7,4881,4,298,4879,6,1,4881,228,2,4879,2,234,10
0,0,2,5,247,8,11,10,241,1,10,12,10,4,2,1,4932,455,2,2,2,4,4,14,5,4929,7
1,0,252,0,3,3,11,1,4879,2,0,1,2,4891,3,5,6,10,6,0,0,3,5,2,231,3,20
8,1,4,1,1,4891,4,9,8,0,1,39,6,7,1,5012,5,9,1,2,2,3,10,9,4883,2,492
0,2,2,7,1,1,6,5,4879,10,1,4903,1,6,4879,9,10,3,0,1,0,5,2,3,6,6,16
4,15,0,1,4,3,4885,8,4889,2,1,0,36,23,13,3,9,4913,0,0,3,5,4884,4956,4885,5,11
39,1,0,7,11,3,4895,749,49,2,3,2,1,4889,707,4883,42,11,0,15,2,230,10,3,4879,6,465
1,1,3,1,1,4892,9,2,4,0,1,0,3,15,3,8,1,8,2,1,1,3,238,17,4,1,3
3,1,227,1,5,4,4881,4,5,0,2,2,4,9,5,26,8,33,1,2,271,1,4,4879,3,7,25
1,1,1,5,4879,8,13,13,249,2,3,2,13,4972,3,4,6,3,0,3,227,3,2,3,292,4879,8
0,0,2,0,1,2,4,4879,41,0,1,3,6,4,26,231,25,4879,4881,2,0,1,2,6,13,4886,3
0,0,0,55,2,7,3,6,3,4881,9,5,3,1,32,4988,14,11,2,1,2,3,5,8,4,246,4879
0,2,7,8,238,1,4880,9,4891,0,2,4,15,15,8,8,4894,4882,1,3,3,4,232,8,4901,13,4901
0,1,2,3,3,4974,1,5,5,1,2,3,1,5,3,707,11,4982,1,288,10,240,3,290,4881,4972,257
1,1,245,3,4,4,4,4,6,4,2,4885,2,1,4887,7,4986,4962,1,3,1,2,11,234,4881,7,8
2,1,2,4888,6,4888,239,236,37,4,1,2,5,4,7,10,4,6,3,2,3,2,15,3,10,6,2
1,2,13,12,8,4883,3,710,4886,0,4879,2,455,6,227,6,6,44,2,3,0,1,4882,4897,230,34,3
1,4,2,2,1,4903,229,2,4891,0,1,4879,9,6,4932,3,4901,8,451,0,4,6,4881,19,7,4,3
0,3,53,3,10,2,3,40,465,4879,0,27,3,14,4890,5,18,4989,0,6,2,3,4,7,4,4,10
0,0,4,249,226,2,4879,7,4882,6,4,4,17,41,6,4879,6,15,1,2,7,5,275,235,2,301,8
0,1,3,9,4,11,1,3,303,1,0,227,250,4880,39,4881,233,16,226,1,10,1,239,2,11,4888,8
1,2,1,4879,3,4,2,1,6,2,1,6,2,8,4,4,4892,4880,0,0,4,4,42,13,2,4880,4
1,2,6,1,244,265,226,229,4881,1,7,1,4883,9,455,708,5,233,2,1,6,6,4,4,452,5,4879
0,0,4879,2,3,12,4879,3,6,0,4881,2,3,0,2,2,7,5,0,1,4,3,20,6,4879,4972,5
0,1,4879,3,232,1,3,1,6,4952,449,6,4969,3,0,2,8,8,2,297,5,4879,4908,4,4879,3,4
2,1,3,249,0,7,240,15,4,1,1,0,3,2,3,23,12,3,0,4879,3,18,16,2,17,5,4890
1,1,4,1,4,1,15,5,4885,2,2,1,3,3,3,2,453,3,0,1,2,3,6,6,9,4,294
0,0,3,4879,1,4,8,2,9,448,2,0,4879,5,300,6,4881,4903,0,2,3,2,8,3,30,4,261
0,4,1,1,4879,3,7,4,17,0,1,2,5,2,7,9,4888,4902,2,1,4,2,8,471,11,11,4
1,2,0,4,3,24,1,4879,13,0,2,0,5,1,3,7,3,10,0,4,0,1,5,2,6,6,4890
9,10,468,1,227,6,6,253,1,4879,1,3,2,19,480,10,4885,5,1,2,3,1,3,14,1,4879,59
0,3,1,11,3,4,2,8,1,27,2,7,2,4964,3,3,8,11,1,1,3,8,240,4885,6,4910,4901
3,1,6,1,1,1,4879,4883,4891,0,1,1,246,2,2,38,4894,4,11,2,6,4879,0,11,8,4884,4909
4879,0,0,3,1,4,247,243,8,0,1,4879,4,4879,1,14,5006,11,1,3,448,2,17,6,4879,36,5006
7,7,2,5,1,4,6,2,9,1,1,3,2,1,14,259,2,4,0,1,1,1,243,4,711,245,17
2,245,3,3,2,3,3,16,9,2,0,0,11,12,5,4,6,4976,1,8,1,4883,2,4904,4,4896,92
1,0,4881,0,1,3,91,1,231,0,1,4879,1,4879,4891,8,2,4887,0,2,1,7,1,10,5,4883,6
2,1,2,4887,3,8,24,2,5010,2,1,2,4886,1,4879,42,13,4890,1,3,4879,4,6,14,2,5022,4883
1,6,1,1,10,6,229,226,11,7,449,0,2,2,4,3,4,4889,3,297,3,5,6,4974,3,4950,13
0,4879,2,2,4,3,76,12,11,0,2,253,9,4,1,451,4887,9,0,2,4884,2,2,5,295,4879,4
2,1,1,11,5,6,6,4883,2,0,1,11,4,10,3,4972,4891,558,2,3,0,4,3,4883,18,32,6
0,0,1,3,2,6,8,2,6,0,1,4,4,5,5,4880,6,16,3,10,1,4,1,1,3,3,7
1,1,5,0,1,4,4883,2,13,2,2,1,1,4926,14,9,4,15,0,4,0,4881,6,9,2,4,4882
0,0,0,2,4902,10,1,9,2,0,0,2,1,4886,4,5,4,6,0,1,3,2,2,4,2,2,4972
0,1,0,9,4891,4890,4922,1,10,2,4881,2,2,2,11,342,5,4,1,3,2,1,3,4879,1,4882,8
1,2,3,4,26,2,245,3,238,2,10,3,5,13,3,5,7,4,0,0,289,84,12,18,3,37,2
1,8,0,2,3,1,5,18,248,1,0,2,2,2,5009,4,11,4903,4,258,5,9,3,248,36,15,5
1,9,4,2,3,3,1,13,4879,4879,474,3,4880,1,36,13,9,5,1,1,1,11,40,3,4879,6,4882
4,5,231,3,712,3,3,3,4882,2,0,11,8,5,1,9,2,7,0,11,1,4881,34,4881,2,6,8
57,2,3,5,12,3,5,227,4879,0,1,1,3,7,2,4883,4890,12,0,0,8,2,8,7,10,3,4884
1,1,13,4,5,9,4887,5,5,0,0,0,4881,3,4,2,4954,287,1,2,4,4879,2,35,3,6,3
5,1,1,1,3,3,4879,14,4,0,1,2,7,8,9,2,4962,7,1,1,12,15,1,3,2,451,9
1,9,2,3,3,1,13,4882,3,1,1,5057,3,4879,12,6,11,5,5,2,8,2,5,6,3,33,469
1,1,0,4,2,0,4882,4,11,1,11,2,1,2,3,4885,6,9,2,3,240,2,3,3,2,722,449
1,4,4879,2,1,3,7,4896,2,1,1,6,1,34,3,4,11,8,1,1,4879,4879,5,20,18,3,4910
1,0,228,227,2,1,3,2,14,229,478,1,230,3,4,2,3,4901,4,2,0,450,234,245,6,8,228
1,1,3,0,8,2,2,2,4887,1,4879,1,7,4884,5006,4887,8,5,0,2,0,9,2,450,7,1,4
0,1,4879,3,0,3,5,2,7,2,0,0,2,2,5,4,4881,4956,1,1,2,1,3,2,255,7,2
0,2,1,2,4,9,4879,2,4,0,1,6,3,3,4967,259,8,4879,3,0,706,5,5,4,4880,3,3
2,9,1,1,1,228,7,8,3,3,1,227,3,4,2,14,0,263,4879,4972,3,8,4,4879,4,13,4900
1,10,6,1,1,1,3,302,6,2,1,706,4,6,5,5,4999,4,1,0,5,10,7,3,3,8,12
1,0,2,5006,2,4,4881,5,7,2,9,4889,4,4,2,2,3,4879,0,12,2,3,1,3,19,4952,4887
1,2,1,6,2,3,1,4946,14,0,8,5,40,2,2,4907,8,40,0,16,1,2,2,2,4,2,30
1,3,2,2,3,4881,4,3,4,0,11,2,3,14,4,17,9,2,2,1,14,8,10,307,10,4883,3
3,3,4879,2,2,4889,7,17,57,4,2,13,17,4991,6,4,27,4894,2,2,2,1,3,252,4885,7,450
0,2,228,4,2,40,8,1,4,0,0,4879,2,1,4,18,5,3,0,1,450,3,1,4901,10,8,6
0,1,3,1,4,1,3,3,3,0,5,4881,8,44,4,20,3,9,0,3,1,8,9,5,4879,229,22
0,0,3,6,1,1,3,7,7,1,9,2,0,2,230,6,5,8,2,0,11,4891,4,3,8,4,5
1,0,1,4879,0,4882,7,4879,5,9,4879,2,1,4,2,12,35,5,1,3,1,3,5,4,5,7,4892
3,16,0,4,11,2,3,7,4900,1,5,2,1,4879,9,13,4879,6,1,4879,1,1,14,4879,4885,6,4
1,1,0,3,4880,1,230,4879,4,2,2,3,3,9,4,2,4906,4881,1,1,3,4952,1,5,17,3,41
0,1,3,2,5,1,6,9,1,245,2,3,2,3,39,4952,4883,455,1,0,6,3,453,4,4,3,4892
1,0,2,7,243,3,2,10,7,0,3,4879,7,2,2,4885,6,15,1,488,1,4,24,5,4,31,7
0,4,2,2,4,230,4879,2,17,1,0,2,0,2,4,6,4888,5032,0,1,238,2,4,4967,1,19,5
0,4881,2,3,2,4895,4,5,3,1,448,1,2,4880,1,5,4880,5190,0,2,1,250,5,262,7,4983,42
1,0,1,265,4892,4,0,2,4,1,0,3,2,2,16,7,233,10,2,6,3,2,4895,4,4,5,4
0,1,1,236,5,8,8,450,10,0,1,8,4,8,9,267,7,6,2,1,0,45,4,2,3,2,4
0,2,3,1,3,241,4916,4879,11,1,2,2,5,3,2,6,6,8,0,0,4,4879,3,4,8,6,10
1,1,226,9,3,253,9,3,11,0,2,2,6,2,8,5,6,4899,4,1,3,2,42,3,3,3,4
1,0,1,2,4,2,4879,4910,5006,2,1,51,9,60,4952,6,11,4,2,5010,1,4882,2,20,4,7,4885
2,3,2,9,7,12,3,4,10,4879,449,4879,4881,4,4881,4885,3,49,0,1,2,5,51,6,7,6,3
1,1,1,28,4,4880,239,4903,6,2,1,3,449,4,11,38,4886,4954,0,1,1,3,1,10,23,3,6
5,4,1,2,4879,6,8,2,9,2,0,24,452,10,4920,472,1,4,0,1,0,25,2,238,4881,4910,10
1,2,1,9,3,0,4880,270,3,1,0,3,1,5,12,2,3,6,0,3,4886,7,4,236,4,245,4
1,0,3,3,4,227,2,3,14,1,1,1,3,4888,4,4,13,43,1,1,288,4,4894,227,2,8,231
0,2,1,5,1,6,15,5,7,249,227,2,3,3,3,4889,1,3,4,2,0,6,9,1,2,8,269
0,1,1,0,9,1,1,4882,7,7,1,10,239,4901,3,4879,11,4,1,0,4,24,4,458,5,5,5
2,4879,2,4879,2,2,1,237,13,4,5,3,3,0,2,5,30,490,2,1,4,297,7,3,3,51,4883
0,2,1,2,6,4881,1,233,4879,0,1,233,3,4884,7,6,4889,9,1,3,0,1,6,5,3,257,5
0,1,4879,3,6,2,1,5,7,2,0,3,8,1,4,3,36,7,1,3,4952,0,4882,294,5,7,1
4879,4,1,2,12,4,12,2,5010,0,1,4,231,2,3,1,4,14,1,1,3,3,9,4974,16,3,7
1,3,6,11,2,5,4904,1,5,1,1,2,23,4,42,4,513,4979,0,2,2,3,6,7,3,2,15
226,0,7,3,20,3,4,10,47,1,0,7,455,4,2,2,1,4,2,1,1,3,7,13,3,5,5
0,227,0,4,4,7,4908,234,11,0,6,316,4,0,227,246,2,4907,0,4,4880,5,4882,5,5,4889,1
4885,1,3,726,2,2,3,10,6,0,1,2,3,4931,10,4879,2,241,2,1,2,4879,4,8,5,4,6
1,4879,3,2,10,57,62,4891,3,0,2,2,1,17,3,18,5,4,2,8,478,6,27,11,2,260,13
0,0,245,4879,9,5,3,4879,4,1,0,3,3,3,5,4885,5,4891,1,2,2,2,25,8,2,4,255
1,1,0,40,3,4879,290,4,9,7,4,307,7,4884,2,8,6,3,1,12,1,226,1,4879,250,3,10
1,1,1,0,3,10,13,4,5,2,2,2,294,5,6,5,19,4881,1,4,27,2,3,2,4,42,4
1,228,2,2,7,2,12,3,4881,16,4879,2,4879,2,3,9,7,5,1,1,1,4,3,247,2,461,11
1,0,6,1,0,261,1,4,5,1,3,13,23,1,3,9,8,4879,29,5,0,3,16,257,2,3,12
1,0,3,4879,3,3,8,230,10,5,8,1,3,2,4879,3,1,4954,1,9,2,14,10,4879,259,21,712
1,0,5,4882,2,9,1,4,306,8,4883,4881,290,4879,5,4962,5,2,0,1,13,3,2,4,5,6,4887
2,2,12,233,6,4,228,3,9,3,0,1,1,1,4,713,6,8,2,4,3,9,235,4,5,4,8
4,6,7,56,0,8,5,3,14,1,1,6,4910,1,14,4903,4,3,5,1,1,6,2,243,4891,6,4
1,231,4879,3,4882,3,3,5008,14,2,1,11,448,9,5,14,4883,36,0,1,4,0,2,2,5,9,8
2,9,0,1,1,332,4884,5,4883,11,2,26,1,4,4901,10,330,37,2,2,8,7,5,7,7,7,4890
0,1,235,3,9,4,4879,3,7,0,3,0,4952,3,1,13,4,2,0,0,7,2,4,450,2,5,2
1,2,4,2,7,6,4880,231,6,0,11,7,6,255,709,2,4883,75,4,4879,4,4,4,5,10,469,5
1,0,7,1,2,236,4899,2,5,6,0,449,7,19,1,5,4,4888,0,1,3,450,1,4972,5,4975,1
1,3,3,58,3,4,3,60,2,1,19,228,36,4879,4904,39,3,10,0,2,2,4881,293,230,298,36,8
2,0,4879,2,1,3,3,4,252,2,1,2,3,290,6,4,347,7,4879,2,4886,2,6,10,4973,18,7
0,0,20,3,8,246,10,4880,7,2,1,2,17,4879,5,38,4,41,1,0,1,2,2,7,4879,4884,13
2,2,1,1,3,4,7,4905,2,0,5,3,3,4,4962,5,2,41,0,3,4897,3,3,42,19,4893,15
0,1,1,1,2,4882,3,4,4879,2,0,5,450,227,9,2,2,7,0,1,5,1,0,10,3,5,1
0,452,6,4,4883,228,6,6,6,1,1,4881,449,4888,4,7,4952,20,448,1,2,0,4,6,6,7,4879
2,1,2,2,7,7,4,4,2,0,242,3,3,4897,5,9,4900,4977,0,1,0,2,4888,4,7,4,4879
1,3,3,4879,1,6,18,4,11,1,2,289,13,2,3,6,6,41,1,0,1,3,5,1,19,3,5
3,1,2,2,5,5,4882,2,4,2,226,4881,4886,4879,3,11,12,27,1,2,5006,5,6,4887,4879,5,5
7,2,0,4881,2,11,249,9,3,0,34,4879,6,228,4894,290,8,9,1,0,10,1,4,3,2,31,4879
0,0,3,0,2,2,3,4880,4894,3,0,0,6,16,13,2,4884,7,0,0,7,2,2,4,5,8,4883
9,2,1,15,234,4889,3,9,62,3,1,11,254,7,290,3,4879,4922,1,3,2,1,5,3,4888,4,4
2,2,226,0,2,4,8,3,6,2,4881,4882,288,5,4890,243,6,4889,1,1,2,1,4,453,7,3,8
4,10,2,3,230,4879,1,230,239,0,2,4,502,6,35,4905,4903,14,0,1,2,13,228,227,5,15,12
1,0,1,1,3,3,4894,3,8,0,3,0,3,0,2,42,259,8,0,1,227,2,11,3,0,7,3
0,2,2,5,3,4891,39,3,6,1,2,4,231,4,251,757,5,26,1,448,235,3,0,3,6,4901,6
0,1,6,0,2,4890,1,7,4884,2,2,4879,2,1,4883,2,11,708,1,4,0,40,5,16,5,232,4911
1,2,3,3,2,231,7,4879,21,2,4,3,1,258,3,8,31,21,2,1,1,4,4,2,4879,4886,4888
0,1,2,5,3,4,3,9,2,0,2,4952,4,0,7,24,13,4,1,0,2,2,2,304,3,7,4952
0,1,8,4889,7,228,4879,3,4886,1,289,2,4,4973,10,4,228,5034,0,0,4879,2,5,5,267,7,15
0,0,2,15,245,4879,231,4879,3,1,1,2,4892,30,4879,4,8,6,4879,2,2,5,2,2,8,3,255
1,1,4,1,239,2,3,24,5,1,1,1,230,2,1,7,4879,3,2,0,3,12,3,1,3,1,7
0,1,1,0,2,4,4879,3,9,0,3,2,7,4,10,3,5062,5,1,8,1,11,4879,9,55,4897,265
4,3,3,4,3,4879,1,8,15,4879,238,1,1,1,1,5,4882,5023,5,1,1,6,2,4879,3,6,18
3,2,4879,4879,2,3,10,3,16,3,1,3,14,2,2,4896,230,11,0,4879,5,240,4879,5,8,4879,58
1,2,5,3,8,58,14,2,246,2,1,2,1,1,292,18,4889,18,11,226,2,2,7,2,14,3,5
2,1,1,11,2,2,1,230,9,3,1,289,17,11,4910,2,6,4,2,9,3,2,4879,1,4895,4879,291
2,0,2,449,4879,2,6,4880,62,2,3,2,7,3,5,4879,272,12,1,1,3,4,4882,6,9,4879,4
2,234,2,1,4,4,2,4881,4883,1,2,2,2,8,16,4883,8,5006,3,21,1,4,4879,3,10,4879,4899
6,0,4879,1,0,4879,12,6,4879,2,1,1,3,3,4890,6,248,6,0,2,448,2,3,18,5,4,458
1,1,4,1,3,10,5,247,4,2,8,3,12,10,2,4,4962,5,15,3,4,0,0,233,2,65,12
0,2,1,2,2,7,4,4889,5,1,2,0,2,9,4972,13,4880,4,1,0,1,13,6,272,8,451,296
1,1,1,61,1,7,9,4881,8,2,4,4879,2,1,4954,4880,4887,4888,1,6,1,2,62,4879,4986,10,25
0,1,1,2,246,246,3,12,248,0,0,290,4879,2,5,8,7,4880,0,2,2,2,3,4,228,4879,454
1,1,8,2,4,3,234,4,6,2,2,1,3,39,3,10,7,453,1,9,0,2,4,7,2,4897,238
0,3,246,2,9,70,4889,254,5006,1,0,2,4887,10,4,16,2,297,16,2,2,5,2,4,6,259,553
1,3,1,248,4880,2,1,3,2,0,12,1,3,4879,4879,2,4954,4975,1,1,5,5,5,4886,4879,4879,3
1,1,4879,3,5,4881,3,2,0,0,0,1,5,33,6,2,10,8,1,2,33,260,4,5,7,245,4896
0,2,4,5,3,10,38,10,260,1,2,4923,4881,4885,2,9,4879,3,1,1,16,3,1,10,4891,0,11
2,0,1,2,3,63,4,18,4887,3,4,1,236,1,4,37,3,5,2,0,1,270,4879,4889,7,228,3
53,2,0,5,4,11,5,9,4891,0,3,5,4879,6,2,246,8,2,1,1,0,5,4888,3,7,9,9
2,3,5006,1,6,13,4885,4885,2,1,12,17,0,11,4881,3,3,4,1,1,4,60,13,5,35,8,4889
0,243,2,4879,4879,3,20,4887,242,0,2,4882,2,4,36,292,305,44,0,0,4879,4892,29,4916,2,4881,3
1,1,1,1,4879,4879,2,4879,13,5,1,5,2,4887,9,4896,4,4,0,1,4,2,4,5,4881,237,41
0,1,5,2,233,706,245,6,16,7,2,2,2,1,3,4918,5008,8,1,0,2,4879,3,12,4903,257,4950
0,1,4879,227,3,4,4883,5,5,0,2,3,1,4883,6,7,2,4893,2,0,2,11,0,3,4879,9,3
0,1,4,1,15,4879,3,3,3,1,1,4879,3,4,4,9,9,4881,0,448,0,3,4,6,4881,11,5
1,2,1,2,4,1,5,4879,7,235,3,1,2,3,5,12,16,4974,0,8,8,6,5,468,6,4,4880
0,2,1,1,6,9,246,40,2,0,4,3,4881,9,1,9,4900,6,1,4891,0,7,4879,4962,4891,16,5
1,3,1,53,1,3,4,8,4882,1,448,5,10,4,3,3,6,2,0,2,4879,4,4,2,5,7,5
2,1,0,2,11,3,6,18,5,1,2,1,4,1,2,11,455,5,2,2,4,1,290,4,3,4908,7
0,1,2,9,1,4887,3,4879,8,0,0,7,3,3,1,3,258,2,1,4881,2,5,4899,2,2,4879,4883
1,0,1,53,4879,226,1,8,6,0,3,3,2,2,7,4887,8,4890,1,230,2,5,3,4,71,4884,246
1,0,1,8,14,13,4,16,8,3,0,5,3,5,42,4974,2,4880,226,7,0,4,6,4883,6,6,4880
0,2,3,0,3,4879,6,14,6,0,3,5,4888,4954,4,4879,29,19,231,4,2,244,5,4891,3,1,8
0,0,13,3,3,3,3,4,4879,0,10,3,2,15,3,4888,3,16,0,289,1,4879,16,232,4883,14,4893
0,0,1,4883,6,41,2,4909,232,1,1,3,451,1,5,7,237,4962,2,3,4,6,5,4879,9,5,5
2,4894,5,4,4,0,242,5,6,0,4879,5,5,3,4952,4897,8,11,0,4879,1,2,2,3,4879,2,4928
1,2,5,5,1,4879,9,10,6,0,2,4892,7,4904,4887,6,9,7,1,245,3,9,13,4896,7,4888,246
2,1,0,3,3,4879,4,235,7,0,297,448,2,3,3,3,3,261,0,1,4879,2,5,15,4882,4882,233
0,1,3,1,239,11,45,2,4881,4879,4901,2,4879,2,4,3,8,4894,5,0,38,6,2,1,3,3,6
0,7,0,2,7,2,3,5,4879,2,13,3,6,1,2,4972,4897,4,39,2,5,12,61,10,11,1,14
5,2,2,5,6,1,5,10,3,11,1,2,1,11,2,6,3,8,4,2,2,33,11,6,2,3,18
0,2,5,42,16,0,2,231,230,2,12,3,4952,3,5,1,6,232,15,4908,2,242,4890,11,11,4967,17
0,1,5,8,247,232,4,63,244,0,2,7,1,4983,4,42,6,4912,0,7,1,4,2,3,7,247,6
0,4879,2,1,246,12,4879,4,4909,2,0,11,2,231,29,4891,8,7,0,0,1,1,238,2,4879,28,303
3,2,1,1,3,3,3,5,4880,2,0,0,231,4,16,7,27,5,2,2,1,13,3,1,15,7,9
2,1,2,40,2,2,0,5,36,5,22,2,4879,3,3,7,4,5009,2,1,1,4,450,4,5,6,4980
0,2,3,1,9,2,9,1,229,4,4879,4882,4,6,7,4902,6,4,1,3,4,0,2,4879,8,4,4881
4879,1,1,1,452,3,6,7,8,1,9,1,1,16,4,5,13,8,0,3,4879,4,37,3,468,47,1
0,1,8,2,4882,4,4879,4884,12,2,1,4879,2,8,4976,23,8,20,2,7,4883,3,1,256,4881,308,4901
0,1,2,1,227,1,5,5016,3,1,0,2,2,2,9,4879,265,4,2,1,4899,1,2,233,4879,6,8
0,5,0,9,4889,4879,3,4879,2,1,227,13,2,4879,3,4906,21,297,0,18,2,229,4903,4,10,6,4880
1,4879,2,3,7,2,1,2,5,2,2,4,310,12,4881,8,4,11,2,2,249,4,5,4880,4884,4,11
2,3,1,2,4879,2,2,4,263,1,2,4,13,2,5,5062,5,11,0,0,3,2,3,4909,5176,13,5019
1,1,1,2,4,228,1,9,3,3,0,4,0,8,1,6,4879,5,1,6,2,2,6,4,228,3,4885
1,3,4882,5,3,7,230,4879,233,6,5,3,2,9,4,7,6,13,227,0,3,3,4879,4881,4882,4891,4
2,0,3,226,5,4,1,5,5,4,1,3,3,31,2,4,17,8,2,39,4879,3,3,2,29,4,8
1,13,1,2,1,9,4881,3,8,1,0,4,1,2,10,4952,5016,7,5,2,2,5,7,3,4880,40,5
0,0,0,1,0,14,1,5006,4,4,4879,0,3,4,3,4881,5,6,0,1,19,2,233,1,18,4,8
3,1,451,1,227,4885,7,15,5,2,1,2,1,2,6,9,4888,14,0,1,1,2,10,2,4,2,4
3,3,3,228,4,2,247,6,283,1,3,2,4,2,3,6,3,11,0,0,2,1,2,10,4881,65,4
1,0,3,2,4,4879,12,5,2,1,2,3,2,3,12,6,4880,10,2,1,1,40,27,9,10,4879,7
1,1,2,2,3,2,8,12,7,1,1,1,0,3,3,11,7,4,7,6,4,303,2,257,230,6,235
0,0,1,1,4885,4,255,0,7,0,2,4879,1,1,10,4952,4912,2,0,1,7,4,4881,10,1,4889,6
1,1,4,0,27,6,242,238,4881,4879,4879,2,4954,0,4928,5006,1,4972,0,3,13,11,5,4881,1,2,13
5,1,2,2,7,250,3,4887,251,0,1,4881,288,5,6,7,489,4952,4887,0,4879,1,10,6,8,0,5025
0,245,4,2,1,4879,2,6,2,4,3,0,4881,1,0,6,4894,7,2,1,4,3,4,5,230,5,16
0,0,0,245,4879,10,64,7,9,0,1,449,2,5,5,4903,2,12,1,2,1,0,1,452,4,63,9
0,10,0,0,4880,227,5,4881,3,12,2,2,2,9,3,0,24,16,0,1,2,240,3,23,6,6,4888
0,0,1,5,227,1,16,8,7,2,3,296,289,2,4883,1,3,4,0,251,3,2,0,4,232,4962,4879
1,1,303,11,3,7,230,231,6,2,229,4,2,226,2,14,2,5,3,4879,2,0,5,11,36,6,7
3,0,229,1,1,2,4881,10,4881,1,2,6,5,1,5,4962,22,4950,1,1,1,1,0,3,288,233,3
1,4879,1,3,6,1,226,3,5007,1,1,227,4879,4909,4903,4879,3,459,2,34,4881,35,3,3,258,34,8
8,1,37,2,1,4879,4879,5,11,2,2,29,4,4879,17,4888,4885,26,0,4,4,4894,4879,6,5,6,4879
2,1,228,2,5,6,2,3,244,0,1,4879,1,37,2,10,8,5101,1,2,40,4,2,2,9,4920,5011
0,10,0,1,6,2,249,4881,4887,0,3,13,35,4952,5,8,10,4886,1,3,4879,2,1,3,3,3,231
5,0,4,2,3,247,7,13,7,1,0,4892,4879,3,1,5,1,16,0,2,2,3,2,4918,8,6,6
1,1,2,70,10,27,12,8,6,0,5,2,3,4,1,452,4,18,0,2,1,6,15,241,4879,3,5
0,2,3,0,4891,452,6,7,2,4879,2,450,4,2,9,4,3,4,1,1,1,1,292,33,449,1,8
0,9,226,3,2,2,3,7,1,3,0,2,4,2,4952,4903,5,15,1,7,3,3,4879,6,4,10,1
0,3,39,15,6,13,3,4879,12,3,6,2,2,5,4,5,4,45,0,1,1,7,1,4894,6,7,3
38,228,3,5,4,4884,4,247,7,2,8,2,5,4,267,6,13,453,0,6,2,2,6,10,44,3,4883
0,3,1,1,232,8,5037,5,12,1,1,2,5,3,19,10,290,6,2,1,3,1,4,3,4889,242,5
0,3,4,19,243,0,6,6,4,1,4962,2,4908,2,6,11,4889,3,2,487,2,2,4879,2,5,4879,4881
1,0,4,3,713,2,2,4,29,230,2,3,4954,243,4879,6,2,2,1,1,1,6,1,4,5,4910,4956
2,0,1,2,3,2,60,3,3,0,0,450,4879,12,47,5,29,15,1,2,3,3,5,7,1,9,5
8,1,2,5,3,3,2,242,4879,1,1,2,0,4882,4881,3,248,4884,1,0,2,1,232,4882,7,9,2
4879,0,2,2,6,4906,2,4882,7,1,1,6,2,3,4891,453,4908,6,0,3,228,4,3,30,2,3,7
3,0,1,247,10,4,4881,4889,2,0,1,4,4,41,4881,240,4885,2,2,3,15,228,6,4913,12,5,4890
0,4879,3,238,3,6,4,4891,12,1,3,1,4,1,10,4881,11,53,1,1,1,4888,5,4972,35,4890,6
6,0,3,3,3,0,4902,7,4879,0,15,0,13,4,2,4,3,5012,4879,4888,1,11,10,4879,492,7,2
2,3,2,0,3,3,2,7,240,242,1,7,3,3,1,18,11,7,0,1,4883,1,1,4977,4881,4879,229
0,2,16,4,5,1,0,231,6,1,3,4879,0,449,1,8,4883,11,2,4962,5,4974,2,4895,66,7,3
0,0,4879,8,2,6,8,16,15,0,4879,2,7,2,5,3,5,12,10,10,1,0,2,60,2,4883,6
1,0,1,3,4879,4880,5,8,8,2,0,1,5,5,3,2,7,15,12,1,8,3,4879,33,2,10,4908
1,1,0,1,4879,5,5,7,4,2,2,3,451,6,9,4975,270,4882,0,4,0,3,1,4879,4932,5,4880
1,245,7,2,6,3,9,4883,18,1,0,3,4903,1,6,5,232,2,1,4879,18,9,6,234,1,4883,10
0,2,4879,4879,238,2,4881,4,5,1,3,7,5,5,246,11,234,17,1,1,4881,4879,5,5,8,472,5005
0,4879,1,5,1,1,3,4881,3,3,0,0,4,4,7,4907,2,4,6,1,4880,257,1,4879,6,3,247
10,0,1,4,4,7,11,4,4879,0,1,6,4,4883,1,14,40,10,2,1,3,0,4881,1,1,6,4
1,0,2,5,9,239,3,6,4,0,1,1,1,2,5006,4,23,7,2,9,2,9,293,4901,248,5,230
1,0,1,236,8,13,4,1,7,1,2,7,2,7,8,7,16,4,38,0,3,4,15,230,246,13,5
4879,0,4881,2,1,8,3,4,4900,0,4,1,2,10,4881,3,6,16,4879,4,4,4879,1,6,2,4956,4
1,9,2,2,4,4,4,710,3,1,1,4879,3,8,4,4897,4,5015,0,1,0,707,4,4897,5018,16,5
0,226,1,8,16,3,3,10,4889,1,1,0,2,5,1,6,40,4897,1,7,6,1,6,230,3,4911,7
0,4,0,2,2,4881,2,4879,4887,1,2,4962,2,1,4882,3,4,7,1,2,5,1,5,6,5,4889,4896
0,234,6,247,2,7,4,305,5006,4910,2,1,1,3,5,4897,5,4,1,4,2,3,0,1,7,4965,4881
2,2,1,6,1,4881,4879,14,4884,15,0,4901,2,2,3,19,1,8,2,2,1,4901,4932,4,4879,247,229
1,2,3,1,7,4879,4879,235,5020,4901,1,3,12,3,0,4964,4892,4,1,2,234,12,4882,3,41,6,488
2,2,4879,9,0,6,7,0,41,456,259,23,3,1,3,35,13,40,1,2,3,4926,9,9,8,4891,7
2,0,10,4,2,1,2,6,10,1,2,4,2,4882,3,3,5,6,6,14,1,2,5,4882,8,4883,6
1,0,232,2,13,3,4,6,3,0,33,2,35,1,4,11,1,4879,1,1,4,2,8,7,5,3,12
1,5,4879,4879,2,4,7,6,8,1,0,20,8,4879,2,4,4,7,2,25,0,2,31,8,67,4879,10
1,3,227,4879,16,18,1,18,242,1,4,2,12,273,2,44,6,4964,0,2,2,2,7,2,5,9,234
0,2,1,1,5,4900,4882,235,14,11,3,0,1,5,4893,3,1,454,5,0,2,10,1,6,15,11,3
4,3,2,6,2,2,1,9,11,1,5,4,226,1,1,260,5055,2,0,0,4962,237,4,5006,4,15,4908
1,0,6,1,3,17,6,10,4883,0,2,4879,4,7,5,4879,41,5,1,3,21,3,2,9,16,254,4882
1,0,2,4879,3,4879,13,231,9,5,1,7,2,242,3,37,254,24,0,3,1,5,2,12,4879,5,5
1,1,0,1,58,4887,5,3,232,0,3,2,462,2,4880,21,4884,5,0,0,6,4879,3,5,3,9,4879
1,5,3,0,1,2,3,2,4889,0,3,3,755,2,13,709,4914,8,7,15,1,4881,3,4880,4879,6,5
3,2,0,2,3,0,9,3,4879,2,1,3,1,7,2,229,253,10,1,8,4879,2,6,4,4,2,4
0,0,9,2,4,226,2,2,233,0,0,4,11,449,4879,12,4879,4,0,1,8,2,5,9,4,4962,233
1,12,11,3,3,226,42,5,9,5,1,448,1,5,2,8,4880,4899,1,1,0,2,4882,5,246,8,3
4879,9,8,2,5,6,9,4,5022,0,3,2,1,3,5,2,4884,4887,1,1,3,4879,3,2,452,2,5
3,1,5,9,4879,2,6,4882,5,1,1,1,4,2,2,4,247,4,2,12,2,0,5,3,3,8,20
0,1,6,0,4879,2,2,5,4886,0,226,4879,1,3,3,292,2,4893,0,10,235,14,3,1,2,4974,4
1,1,1,5,54,6,4,11,4,1,2,227,2,3,42,10,5,7,1,226,12,1,4879,241,2,4880,14
0,1,8,1,2,14,706,19,232,0,2,4958,6,3,5,3,1,2,1,1,5,2,1,6,1,7,8
0,0,5,58,4879,5,2,2,42,1,3,5,23,7,3,41,4883,4902,1,1,2,4882,3,3,2,4,4892
4879,1,2,4,1,11,259,18,5,0,2,8,3,5,22,270,62,7,1,2,2,4879,6,4888,2,6,5
2,1,1,3,1,2,4879,7,5,2,230,5,5,12,4,9,248,4941,0,2,0,4879,5,9,11,2,5
7,3,58,4879,226,4882,2,9,5,1,5,2,2,2,2,4883,7,26,1,228,1,0,4881,2,4,5,713
4,2,9,228,5,0,4,239,6,0,1,15,228,1,3,233,29,6,0,1,1,2,450,35,4888,4965,304
0,230,250,21,1,4,4885,232,5,1,1,4,8,2,451,5065,5,7,2,4,34,1,3,4,5,3,4879
1,229,0,3,5,6,4879,3,4,3,230,4,2,231,3,2,47,10,3,1,0,17,4,257,5006,4894,4879
1,0,1,0,7,17,12,4885,6,0,1,5,0,7,449,458,5,4990,0,0,2,0,6,14,4883,4,3
0,0,1,2,4879,4883,6,3,2,0,0,4,2,27,5,4883,4,4894,2,66,13,4,15,298,4,9,6
2,8,2,7,241,2,19,1,721,1,1,2,4,452,4879,9,2,4901,1,1,2,3,2,4882,16,4893,41
0,5,2,1,4879,3,3,15,4879,2,0,3,4,1,4886,17,7,18,0,2,5,5,291,5008,5,8,20
10,2,1,3,4881,14,8,5,4880,3,3,1,4879,5,13,2,455,4890,0,1,4887,1,2,4883,4,4910,4879
2,14,22,1,4,3,3,17,11,0,11,4,4,448,5,7,9,5,2,2,0,1,4903,4901,4906,1,4965
1,231,3,1,2,2,2,3,6,2,4879,3,229,13,4,8,3,7,13,7,3,4879,1,3,4879,3,4904
0,6,1,4879,4,60,5,18,8,1,0,3,2,21,2,25,5,4901,4,2,4879,1,450,3,6,15,5
4,0,1,2,2,5,3,24,4881,0,2,2,41,2,1,4,7,4,12,1,1,4,3,3,3,4885,4887
1,2,1,4879,230,5,2,6,5017,2,2,1,1,3,14,28,10,4879,2,1,105,2,4879,2,7,7,5
3,38,4,1,6,3,232,2,9,2,2,3,4,2,0,3,6,4896,1,38,4880,6,2,11,4881,238,4879
0,1,2,301,15,4,12,2,42,2,1,2,4,3,3,4882,453,8,0,1,3,1,58,4886,1,11,61
0,1,1,2,5,5,64,4,7,0,1,4881,257,2,4,4,2,4892,0,0,0,1,8,6,4974,6,3
1,452,4,2,11,7,8,5015,4,2,4,2,3,1,4,2,4,6,1,2,1,3,1,2,4882,4887,42
0,232,57,6,3,2,4881,5,6,0,2,2,36,10,5,4884,234,8,0,1,2,0,0,478,3,8,4924
4879,3,4879,3,16,256,6,1,61,0,3,16,2,3,4959,4,5,10,0,5,5,2,4,8,748,4887,463
2,0,5,0,9,58,0,6,2,2,3,5006,3,3,2,7,3,6,0,2,231,4,4881,4,10,6,4879
0,1,3,2,3,8,8,3,41,3,9,4,8,3,8,1,5,4,1,3,2,91,6,247,2,455,4884
0,0,4,231,3,4,2,12,4884,1,0,1,450,2,3,251,15,6,4,1,1,4,2,6,4901,4,4895
1,4,4,2,245,4,4,4880,6,0,0,2,12,4888,228,5,5,4,1,1,229,4,5,1,4879,4884,5
1,15,4,56,2,13,3,10,6,1,241,4,3,5,7,5,231,3,1,2,2,230,0,2,233,12,3
1,1,3,4880,2,67,41,58,4895,4882,0,2,3,5,2,292,451,3,4,288,1,2,3,11,262,30,3
1,1,1,2,4882,7,2,4879,7,1,0,8,288,2,3,17,24,5,0,0,1,4879,297,33,4896,4901,61
1,0,5,1,2,248,265,12,4882,0,4879,3,7,6,4,7,4,14,7,4879,321,247,7,233,7,8,739
1,1,1,40,1,4881,8,2,5,0,1,15,5,2,4890,4887,4879,5,0,3,2,39,1,3,254,4974,6
0,7,4,4879,3,1,9,5006,3,1,5,2,13,12,3,5011,4890,7,1,2,3,2,2,2,19,7,527
1,1,0,247,1,300,0,5,3,0,2,1,3,4879,6,297,32,4880,0,1,1,5008,4,7,4882,1,22
1,0,1,8,18,5,1,4882,8,1,1,3,4,6,4880,13,5,3,2,1,4,1,0,4,2,7,1
1,231,38,2,2,6,4880,4879,4879,0,1,4879,15,8,3,10,4,8,1,1,1,0,3,0,4893,4879,4880
1,2,13,0,3,4879,229,3,6,3,1,2,3,4,4950,26,3,4879,1,58,1,229,1,0,4879,13,4
0,1,1,9,11,4,226,4895,5,2,1,4881,2,4962,8,5,14,4883,0,0,5,3,232,1,39,4,4881
0,1,1,5,11,2,3,8,1,11,5,1,1,6,4,4974,4884,4896,1,4,4,1,2,1,4882,3,4881
1,1,226,4879,3,4,5,3,4902,1,1,2,10,3,3,241,26,11,1,2,6,2,3,2,229,4886,5
4879,1,3,4,4879,2,4879,4,4879,2,1,1,2,17,5,8,34,12,2,0,9,4879,448,7,4885,2,2
0,1,4,7,17,13,1,231,2,4879,2,3,4879,7,4,5,4889,6,1,4879,4,1,3,12,8,1,4972
1,1,0,10,9,9,3,42,2,1,3,1,4906,1,4,11,4,4888,0,1,4,2,29,24,4,4,4912
0,0,8,1,707,252,2,259,7,6,34,1,3,4889,8,4893,1,6,0,5,1,4891,3,267,4,4906,4883
0,4881,4,4879,2,1,2,10,41,2,0,1,3,2,234,4879,15,9,2,1,1,2,7,6,4885,4879,11
0,226,2,14,4889,4,8,1,4886,0,1,1,10,240,4905,20,3,4913,1,8,235,2,4882,707,4881,4879,5
1,38,11,39,0,3,4879,4,8,0,5,9,2,2,5,8,463,4882,4879,2,1,1,8,10,24,5,6
0,1,2,4,4881,7,2,2,12,1,2,5,2,4879,4881,3,4929,62,6,4,2,11,5,4879,9,3,4
4,6,3,1,226,2,248,11,5,12,34,1,2,6,2,3,4926,15,0,3,11,9,26,4962,2,2,4980
2,232,4879,4879,7,9,9,231,4890,0,1,4879,4,4879,6,241,4932,4,1,1,4879,1,7,3,298,8,4879
1,0,242,0,2,2,5,3,6,1,2,4879,37,4879,4,6,0,3,0,448,493,2,5033,1,10,4879,4
0,0,0,0,239,4879,20,238,6,1,1,4918,35,13,9,4910,4883,463,0,2,2,5,8,4,4881,4879,4
0,5,1,1,3,9,7,230,3,54,4,449,10,3,3,10,2,4885,449,0,4,236,43,3,3,4977,9
229,1,2,8,4,11,4886,2,3,449,1,3,1,3,4,231,16,460,27,0,10,6,15,2,4,4,18
0,9,229,1,306,3,3,4914,9,0,1,3,28,338,30,3,5,2,1,8,2,4879,31,2,3,8,242
0,1,2,1,4879,5,227,5,4890,1,2,2,3,4885,3,14,4879,13,38,1,15,448,0,241,9,4898,13
0,1,1,4,27,3,4879,6,4,4879,1,0,5,4,5,4,4,4879,1,2,6,1,73,246,15,7,14
3,2,3,2,1,231,3,4,4879,1,3,0,291,1,12,6,7,1,0,0,5,15,4897,13,13,61,3
1,3,2,4881,7,6,10,233,7,0,2,2,3,228,6,2,2,15,1,0,4,1,4,3,4879,4879,5
53,1,0,2,4,2,2,4,12,2,4879,4901,4893,1,1,8,4894,5,4,3,19,4,2,12,8,9,18
0,0,10,4,4879,4893,3,1,3,1,4,4,1,4879,5,4892,4,10,1,0,2,230,3,5,4,4975,4
1,2,1,2,3,4892,5,3,4907,3,1,2,4882,4890,3,4888,246,3,5,3,1,28,59,9,3,5,10
0,227,229,1,5,1,2,3,4,2,4887,0,2,2,5,3,3,15,4,1,23,3,6,233,244,64,31
1,1,4,277,255,235,226,4882,3,0,227,2,9,0,5,19,4885,3,34,1,1,0,4883,3,293,4889,12
0,3,1,2,12,4880,4879,8,7,3,10,4880,2,46,2,9,7,240,4881,1,3,39,4881,6,7,3,4970
1,0,56,4879,2,228,6,2,44,0,0,3,25,5,4,16,4901,4886,39,1,2,246,1,233,3,96,5
2,2,1,2,2,2,5020,2,2,1,1,9,3,4954,3,4883,4,7,1,3,3,0,1,1,3,4,3
1,1,7,2,3,1,9,2,16,1,8,6,4,1,4899,4901,40,4883,0,2,0,476,4879,6,4972,4966,4884
5,0,2,1,231,17,4916,7,4,0,3,2,1,14,4,5,4886,498,1,3,1,5,2,4,4885,8,4
0,3,2,2,1,3,230,9,4,3,1,14,1,9,3,3,10,93,0,4879,4887,1,3,5,712,3,46
1,0,3,9,7,4879,5,10,3,2,1,2,1,4,3,6,4,5001,0,3,2,4972,4881,7,5,12,6
2,2,1,7,3,2,3,3,6,0,2,2,506,3,4897,28,30,4881,226,2,3,249,1,7,9,14,2
7,1,1,4879,247,4,4894,11,4891,1,4879,2,1,10,12,7,5,18,2,7,1,2,235,4,4,9,257
9,0,3,4,4,4882,4,2,5,2,1,2,5,5,4,6,261,15,3,1,3,3,53,4,4,3,9
0,0,2,4,9,4892,4,4,8,1,4,5,38,4903,3,8,8,7,0,3,2,5,1,10,5,14,9
16,1,307,4,8,5,242,3,229,1,1,13,3,25,4882,4880,4881,5,1,4882,1,3,2,11,6,5023,7
0,5,2,2,2,5,1,3,2,2,2,3,486,9,3,4899,2,12,3,1,245,0,3,6,17,4962,3
2,0,3,2,6,2,3,11,11,2,4,11,0,3,4880,5009,2,30,0,0,2,1,229,10,4886,4,15
1,1,4,1,4,8,15,3,5,2,3,10,5,4880,5,43,4897,5,1,4,2,3,7,8,7,7,243
1,3,2,1,27,1,4881,6,5033,0,4,26,4879,16,0,5,4890,7,0,2,6,4879,41,2,3,14,4885
5,4879,0,1,2,4,4,4,21,226,1,4879,3,6,5,1,5,4,0,1,12,227,10,12,13,4881,4897
1,1,5,0,2,2,6,6,2,0,2,35,7,3,3,3,11,4890,1,1,2,4,12,4,4972,7,4986
0,2,0,226,4,5,2,16,74,3,1,2,451,5,4882,5,15,10,7,1,5,7,4879,4879,288,4887,23
0,0,3,4883,2,8,3,10,4,1,0,4879,1,2,4884,7,6,4932,6,1,6,3,58,4884,2,11,3
26,1,2,3,8,3,2,4879,7,29,1,11,3,1,4,18,9,6,0,5,3,7,6,3,7,4,3
0,1,2,28,4891,2,10,244,11,0,3,2,3,5,4984,8,4,7,2,0,1,13,1,267,16,8,8
0,7,3,19,3,247,5,3,6,10,0,7,6,10,4906,5,9,4,0,0,1,4,1,7,470,5,4896
0,1,2,2,5006,248,3,6,5008,1,5,1,42,5,4889,16,7,4906,4879,2,1,4952,4879,69,2,3,494
0,3,1,1,4881,3,8,4879,16,1,4879,2,9,708,4879,4879,61,6,1,0,1,0,4,5,6,450,2
1,1,0,4,16,4,5,14,3,1,2,4881,3,3,4879,7,60,5,1,1,227,13,4,2,5,2,240
7,1,1,2,2,15,4879,4901,8,0,1,3,3,3,1,2,9,2,2,4885,6,0,4,6,7,4879,234
1,1,0,3,230,3,9,4884,3,0,1,4879,1,13,4910,2,5,4879,0,9,4,6,3,4,5,5099,601
0,0,8,5,4,227,5,10,3,2,4879,4879,4886,3,229,8,3,4,3,0,29,7,4897,1,4879,8,19
7,4,1,3,2,9,2,4881,3,1,1,0,34,8,5,293,450,7,4879,1,3,4887,12,5,3,11,258
0,1,1,237,3,18,3,4879,60,0,5,4,2,4883,28,236,2,33,0,0,3,2,7,4,5,9,7
0,2,1,3,5,5,3,21,6,1,0,1,5,227,4882,452,4883,7,4881,0,3,5,2,6,7,4883,4
0,1,1,8,2,228,6,4879,0,5,2,4879,449,5,3,6,4881,262,0,0,1,2,2,237,4977,54,0
8,0,2,8,5,3,43,235,6,1,7,452,1,0,2,6,3,4886,0,708,2,4890,34,6,2,6,7
1,1,1,4893,7,5,3,2,450,2,2,2,28,4916,7,320,33,9,4879,1,13,264,2,4879,3,2,6
0,1,3,1,4,246,250,6,60,1,0,2,0,35,2,36,12,3,10,2,5,1,2,3,3,40,4881
1,6,4879,2,3,5,4879,4895,9,229,1,1,9,3,3,15,15,8,7,1,0,2,0,1,4879,2,4
1,1,4,3,2,3,4881,2,4,0,14,4881,3,5,1,7,5017,4906,1,1,6,2,3,2,5021,10,11
0,1,1,3,2,241,3,5,4,8,3,3,1,4,717,4,34,4,0,5,38,239,2,2,9,21,6
3,6,4880,1,6,4,4,7,4,0,232,2,4879,5,3,4,9,2,5,2,3,1,2,4962,6,4,4884
0,0,4879,4,0,2,3,7,230,1,3,1,3,2,6,7,310,10,1,0,1,4879,3,4879,6,5,5
4879,3,5,1,0,4,4879,245,13,1,2,5,4,3,230,4,4891,9,1,38,1,8,16,4,4,4,4975
3,2,0,6,1,4882,3,7,4885,0,1,228,328,4879,260,34,8,261,1,0,2,4965,4962,233,4,9,11
2,1,2,8,18,308,39,3,5,2,0,4,4887,34,4914,6,4,456,0,10,11,3,226,9,4,4897,4879
0,5,3,4880,4879,40,4,2,2,0,0,0,2,10,36,4973,7,5,0,0,10,0,9,4,15,17,6
0,7,5,3,2,11,248,6,2,0,3,19,17,4,29,4966,4889,10,0,2,1,1,3,3,20,4880,6
1,0,4883,8,2,0,4,12,4,1,18,7,2,5,9,1,4879,750,16,3,1,5,13,4879,12,4879,5
1,2,53,1,1,1,5,236,298,1,0,1,236,16,5,36,4,6,2,1,1,2,2,41,2,3,6
1,2,7,2,4,4882,2,8,6,3,4,8,6,258,21,4879,4879,7,0,2,4,2,4879,6,5,6,5
0,0,2,3,1,8,9,42,6,1,0,13,7,3,4907,4,3,0,1,9,1,4912,3,4888,40,7,298
7,2,1,0,1,4879,6,245,3,3,2,0,0,1,4,10,4,16,0,0,5,3,4892,7,1,22,4885
2,231,1,13,2,13,4881,3,4879,450,1,15,2,4,451,39,4903,4,2,1,3,25,4,4879,296,9,4881
1,0,2,4,1,2,4879,4,1,0,1,1,2,1,4,4906,42,4968,2,2,4879,13,5,5,13,4,40
10,2,4,4879,2,6,7,4879,7,1,4,4883,2,1,3,13,36,4893,0,1,0,4,21,3,4881,4911,15
0,2,4879,10,6,1,2,7,3,238,1,4879,2,8,4884,324,452,4952,0,34,4,2,4879,4,8,44,5
14,0,10,4,5,4899,7,7,9,0,0,0,1,4883,2,4879,4967,9,1,1,3,2,2,3,4879,3,4
0,0,3,84,2,12,4,7,3,9,4887,16,1,1,4969,1,4889,4881,2,4,1,4,1,5,4928,8,4
0,1,1,5,5,4879,304,6,242,1,0,5,13,1,4880,13,3,4899,0,0,4881,4,1,4972,453,12,56
1,2,4897,2,3,1,6,4889,9,5,4,0,33,4,3,19,4885,1,1,34,2,249,2,5,30,252,249
0,1,5,6,2,1,3,41,4,4879,5,3,14,3,2,8,233,4963,0,0,3,1,4879,289,4,4,1
0,5,1,1,1,244,4879,3,14,1,2,2,3,3,451,6,6,4,0,229,468,4879,1,4879,4,4879,4882
0,1,3,1,4881,4891,451,13,0,11,3,2,2,0,4,9,43,4,1,4,0,3,2,2,4884,4913,13
1,3,5,4,2,1,2,55,4879,1,2,0,1,8,4,6,11,4880,0,1,2,2,2,4,9,4,272
0,0,0,2,257,9,5,11,8,0,0,1,6,5,4879,6,38,5,0,2,1,712,4,7,4890,5,4
4,0,3,6,3,9,2,2,7,0,4880,1,4894,1,2,8,15,5028,4879,3,3,1,3,7,5,6,5
0,3,3,7,3,4,5,4,9,1,4952,2,250,31,4882,0,12,9,0,5,5,2,4,4882,7,4,6
0,226,7,40,4,4,2,8,5,2,4,2,7,7,10,307,3,230,2,1,240,2,3,4,4889,15,4883
1,3,2,3,0,1,4,4887,4,0,1,5,8,1,15,13,8,11,1,4882,228,4,3,4,12,16,297
0,3,5,2,315,4,16,463,6,4884,4,5,1,3,6,43,4880,23,1,1,1,0,4879,4886,4881,3,13
0,4890,1,2,1,3,3,8,4881,2,2,20,2,2,3,8,8,250,1,26,2,2,4,3,41,4880,4972
2,2,4906,3,9,1,4,9,2,2,227,1,4898,5,37,4,265,9,3,2,4962,10,1,64,13,4,4879
0,6,1,6,12,4,6,1,4891,5,2,2,12,7,4,20,6,5010,7,7,2,2,2,6,4900,27,232
0,0,3,1,11,252,59,1,4886,1,3,1,3,6,14,4962,9,5,2,5,5,3,4,1,4,4881,5
0,2,230,1,1,1,3,4,2,1,1,2,1,4879,37,8,8,13,0,4879,1,2,11,5,0,19,2
1,1,1,0,2,6,8,3,3,1,5,2,2,3,12,4886,21,3,0,4,2,6,17,4,36,3,18
2,2,6,9,7,4887,4,4879,7,1,1,2,7,2,6,4879,3,4912,1,1,5,3,2,3,6,42,60
1,0,1,55,3,3,21,4,5,2,3,3,1,10,4,4900,4883,4,0,0,4879,3,6,2,5008,4917,35
0,0,2,1,10,88,41,240,255,1,0,2,2,7,10,4895,4,13,1,2,232,2,0,5,3,2,468
4,1,4881,1,4879,3,10,8,243,0,1,3,4879,16,1,5,7,4882,2,2,11,6,2,4,250,1,24
1,0,1,232,3,4,2,54,4879,2,0,6,0,12,4956,6,2,58,2,9,245,4,1,2,3,4879,32
0,8,3,2,3,5,9,13,3,0,1,4908,452,4879,13,4894,5,4882,1,0,3,4,3,3,4893,12,18
3,0,0,2,2,228,4,451,1,0,2,2,6,4,2,231,2,5,1,1,1,1,4908,2,30,714,5
1,2,2,3,4,3,2,4887,4,2,2,282,3,4882,7,10,10,5,1,1,3,6,5,1,5,4881,4970
0,1,4879,0,8,6,4879,4,2,4962,8,3,4879,2,4892,248,4,4,0,0,5,252,2,7,4,3,3
1,231,1,450,4879,10,1,4891,8,302,0,1,4879,6,4,9,4883,4,0,5,454,5,3,4,2,4,5010
5,1,6,3,4,4879,6,4,6,1,2,5,2,0,4879,2,5,6,226,2,3,4881,5,4881,7,4,4927
1,9,7,0,4879,3,231,11,4879,1,0,2,4910,3,7,4,6,4,1,0,18,465,480,4881,40,2,4
0,2,5,2,6,2,4881,8,4,1,0,4,2,5,270,44,8,28,2,1,3,3,1,0,4884,260,18
2,1,230,0,4881,12,10,4881,16,2,0,18,3,2,4,19,3,4885,0,1,2,2,2,11,2,4898,5028
1,7,2,2,3,7,308,7,2,0,11,4879,4879,4879,4,4955,5,16,3,1,0,0,6,231,22,4879,4
1,0,228,13,2,1,3,6,3,0,2,3,24,8,1,11,4,31,16,0,4879,8,4,5,4879,62,4
0,1,0,5,246,6,4,12,3,0,6,4,6,4886,3,293,4887,3,226,2,2,451,4,12,5,28,9
0,5,0,1,236,3,6,40,4893,1,13,22,9,13,6,0,5,41,0,3,1,229,4,4,41,13,4
6,58,0,6,237,15,6,9,4,1,0,4,1,8,7,3,5,4,34,2,45,1,1,3,235,5,63
4879,2,5,7,3,2,7,7,229,1,4,2,4893,5,10,5,4955,292,2,1,4883,2,4879,2,8,13,8
1,0,5,2,5,7,5006,5,239,2,2,10,4,2,6,7,7,455,0,2,3,4879,3,5041,253,10,240
0,2,1,15,3,6,1,3,8,0,7,3,6,4883,3,4,3,12,234,3,3,1,3,8,237,23,4884
0,4879,2,1,3,2,3,4,3,1,4,1,1,4,4,6,2,230,1,3,2,3,4,2,4879,4,19
1,1,2,4879,8,2,226,5,2,1,3,2,4,3,4,3,4893,6,7,2,1,15,2,11,6,12,2
1,1,2,4883,3,238,2,10,28,1,0,2,449,3,8,489,4890,4902,0,5,8,1,10,7,4883,2,484
3,1,6,2,3,12,241,7,8,6,0,1,3,2,7,6,4883,4974,25,5,19,13,4,5,4962,20,10
4879,2,248,2,3,1,2,5,11,0,2,3,11,5,2,4888,30,46,4,1,450,2,4,3,4905,6,254
4891,1,38,228,1,300,2,11,3,6,4,239,1,17,4903,7,38,48,2,2,226,3,3,14,3,6,714
1,2,0,0,226,5,59,42,4,1,1,2,2,3,3,298,13,2,9,38,2,10,2,4,20,3,6
1,1,226,252,4879,2,6,9,4901,2,1,2,4879,12,3,4,5,8,2,3,1,5,4893,232,7,7,10
2,5,3,2,1,4890,4,2,3,1,0,2,3,4,4891,10,4915,4881,0,2,1,5,1,3,241,6,4886
6,3,2,4886,297,14,1,4912,3,2,0,1,7,2,20,15,4905,3,2,0,5,4880,7,3,4880,6,4972
0,0,17,229,10,3,4,10,4,4879,1,1,2,1,4964,9,6,4,1,1,0,4,364,6,4880,4881,6
0,5,1,2,3,5,4879,5008,1,1,13,2,37,1,13,4889,6,229,0,14,1,457,3,15,8,5,4992
0,93,4,1,6,4,4880,5,12,3,7,1,8,2,3,4894,236,8,1,5,0,1,15,2,16,13,9
0,1,1,9,1,4,3,8,4882,1,2,3,5,5,6,3,19,250,2,2,9,4879,227,1,3,11,228
2,14,4879,1,4890,2,8,4879,2,0,4879,2,7,3,5,4894,34,4976,0,1,1,4903,1,3,3,5,4883
1,4,0,231,3,6,8,5,6,1,39,2,268,7,2,4955,5,72,1,1,2,4879,5,4879,2,6,4
226,4,1,3,234,9,5,11,3,288,6,8,707,4,3,4881,4879,20,0,4,1,1,4879,3,362,3,4883
0,1,305,3,1,4879,4,259,4884,2,2,5007,4882,3,2,10,6,22,0,3,2,7,4,4,6,1,2
1,1,4879,3,4,10,5,10,4889,1,0,4879,5,5,6,4879,20,261,226,1,1,1,3,4879,10,1,234
0,3,2,4879,2,4,4883,6,9,6,4,4,1,3,9,6,4889,6,1,2,14,2,2,4,4881,5,4980
0,2,2,5,3,1,4,3,2,0,1,1,293,4879,4882,8,244,8,2,1,2,1,4882,0,5,17,8
3,12,4,3,4,3,2,251,4879,10,238,5,229,4879,14,452,4,299,6,2,6,2,5,5,4902,3,4
1,0,3,19,4884,1,4880,3,4,1,1,4,2,6,14,4,10,4880,2,0,234,1,1,4,709,490,31
0,1,1,3,1,4879,78,54,5,2,0,5,5,258,8,4879,12,6,1,1,3,1,4,2,227,4,4
1,1,1,4,3,4884,3,9,268,1,1,0,291,10,20,58,453,4879,1,1,4879,5,450,2,293,4,4882
9,1,53,8,4906,3,3,265,2,0,1,0,1,2,1,5000,10,4887,1,1,0,4888,1,10,4883,4964,4879
1,0,1,3,4879,48,2,10,4,1,2,275,4,2,7,13,4889,4884,0,2,0,3,2,10,5,10,2
2,2,1,0,234,4,5023,26,4899,2,1,5,2,1,11,7,716,4954,1,450,290,2,2,3,3,4879,4879
3,0,4879,6,2,2,13,3,5,0,3,5,19,7,6,44,5,4884,0,0,260,2,3,6,5,7,4
0,2,1,6,324,7,13,7,10,242,3,455,7,228,245,4884,13,11,1,1,1,8,1,15,297,3,4888
0,227,3,3,6,246,1,11,4885,0,1,293,1,4,449,29,1,6,1,0,5,0,4879,2,4,17,289
2,1,0,228,2,226,5,4,4879,7,7,230,4,4,4,1,6,5,1,2,2,1,231,1,290,4900,48
0,1,1,0,6,7,4879,1,4,0,1,6,4,6,292,7,5,4887,1,0,3,1,4,7,2,4930,258
0,1,0,6,4,232,40,7,236,2,7,3,1,1,4893,456,3,8,0,1,1,0,3,4,3,10,464
1,1,1,40,1,5006,55,237,244,1,5,291,5,5,4,4,4,4879,0,9,1,2,2,7,7,4885,3
0,2,2,9,2,0,2,11,4918,0,1,231,0,3,4,4,230,470,5,2,2,3,1,8,1,5053,4
0,1,4881,2,3,228,9,59,4891,3,5,266,1,4,5,4984,4,295,0,3,0,2,3,33,11,2,34
0,2,2,6,2,231,2,59,4879,1,3,2,11,4963,5,6,4,14,2,0,10,2,11,4880,330,3,4901
1,2,2,2,1,4881,16,5,64,0,1,2,6,4,11,4880,4882,246,0,3,5,0,1,4882,232,2,4882
0,1,3,1,4879,10,63,2,42,0,1,2,4883,4879,26,4886,4885,4938,1,1,0,4881,3,2,2,15,4975
3,1,12,4,11,9,299,3,11,3,4,257,5,10,462,9,12,4,0,1,4879,1,2,4881,4881,17,4881
0,1,2,3,2,2,1,299,3,1,1,1,4879,4879,3,5,12,17,3,9,3,8,41,2,4,3,7
237,1,2,7,1,2,259,7,2,2,2,3,4879,8,236,4908,234,453,1,25,230,4,234,2,4879,6,4962
0,1,227,4879,1,0,9,254,7,0,4,8,4882,5,3,1,2,9,0,7,1,2,1,0,4897,6,7
227,246,4879,0,4,6,55,5008,240,4879,1,8,2,0,2,4,3,4964,4879,243,3,40,251,5006,7,1,4912
1,4,2,1,13,3,5,262,4,0,0,4880,4,3,4974,10,4890,21,1,2,1,451,2,242,6,3,9
230,0,0,4879,5,56,3,4879,7,6,1,452,4883,232,1,4881,242,3,3,17,2,3,4,5,3,450,6
0,8,1,1,4879,3,3,7,17,9,8,7,16,4,15,4884,5,4907,0,1,1,2,2,27,2,291,12
3,0,1,1,2,11,240,13,7,1,1,227,228,4,3,9,1,4980,4879,2,1,4,1,9,2,4963,4925
1,3,4879,0,1,16,0,4,2,3,0,35,3,4,2,4879,4881,8,1,4879,4,1,3,4,8,4886,5
1,1,1,2,3,301,5,4879,9,0,0,1,8,448,10,243,5,3,0,1,1,5,2,3,9,7,45
1,1,0,3,5,60,9,240,5,1,18,4879,2,1,2,4882,7,18,0,1,5006,4879,2,3,2,4882,2
0,1,4,3,5,5,1,17,4908,4,0,3,0,2,4,4,5017,8,1,4,1,8,4879,4879,5,260,4883
0,4,11,2,5,2,3,227,5,1,6,4962,4,5006,5,4879,245,4895,0,1,2,0,1,0,35,15,4891
4,228,228,2,3,1,4879,4879,327,4879,21,1,2,1,3,40,4980,4974,448,1,1,3,1,0,7,2,4919
0,229,1,227,7,4881,3,1,4,2,5,3,1,4883,3,5,5,4962,0,3,2,2,2,4885,4908,4879,3
